,drugstore,street,number,neighborhood,city,zip_code,latitude,longitude
0,ACAPULCO 1,GUERRERO,ED A,PROGRESO,ACAPULCO DE JUAREZ,39350,16.86016,-99.90353
1,ACAPULCO 10,RUIZ CORTINEZ,8,ALTA PROGRESO,ACAPULCO DE JUAREZ,39610,16.87317,-99.89115
2,ACAPULCO 11,GRAN VIA EL COLOSO,LT 10,LA ESPERANZA,ACAPULCO DE JUAREZ,39610,16.84682,-99.81231
3,ACAPULCO 13,LAZARO CARDENAS,36,LAS CRUCES,ACAPULCO DE JUAREZ,39902,16.88586,-99.83698
4,ACAPULCO 14,CUAUHTEMOC,129,PROGRESO,ACAPULCO DE JUAREZ,39350,16.85863,-99.89725
5,ACAPULCO 17,EX EJIDO DE SANTA CRUZ,70 Y 71,EX EJIDO DE SANTA CRUZ,ACAPULCO DE JUAREZ,39530,16.86327,-99.90348
6,ACAPULCO 19,DURANGO L B COND DURANGO,2DASECCION,PROGRESO,ACAPULCO DE JUAREZ,39350,16.86561,-99.89405
7,ACAPULCO 2,JOSE LOPEZ PORTILLO,KM-393-394,LIBERTADORES,ACAPULCO DE JUAREZ,39770,16.8943,-99.83355
8,ACAPULCO 21,CUAUHTEMOC,43-C,ACAPULCO DE JUAREZ CENTRO,ACAPULCO DE JUAREZ,39300,16.85372,-99.90617
9,ACAPULCO 22,COSTERA M. ALEMAN,S/N,FRACCIONAMIENTO MAGALLANES,ACAPULCO DE JUAREZ,39670,16.86064,-99.8817
10,ACAPULCO 23,CUAUHTEMOC,13,ACAPULCO DE JUAREZ CENTRO,ACAPULCO DE JUAREZ,39300,16.85148,-99.90702
11,ACAPULCO 24,JOSE LOPEZ PORTILLO,LT 15,EXCAMPO DE TIRO,ACAPULCO DE JUAREZ,39422,16.87517,-99.87584
12,ACAPULCO 27,VICENTE GUERRERO,S/N,RENACIMIENTO,ACAPULCO DE JUAREZ,39715,16.89477,-99.83262
13,ACAPULCO 28,NIÑOS HEROES (CONDOMINIO MATILDE),1401 LTA,EL PROGRESO,ACAPULCO DE JUAREZ,39350,16.86967,-99.89697
14,ACAPULCO 29,VASCO NUÑEZ DE BALBOA,701,FRACCIONAMIENTO HORNOS,ACAPULCO DE JUAREZ,39355,16.85402,-99.90045
15,ACAPULCO 3,COSTERA MIGUEL ALEMAN,330,CENTRO,ACAPULCO DE JUAREZ,39300,16.84922,-99.90643
16,ACAPULCO 30,JESUS CARRANZA,2,CENTRO,ACAPULCO DE JUAREZ,39300,16.84901,-99.90825
17,ACAPULCO 31,COSTERA MIGUEL ALEMAN,LOTE 13,FRACCIONAMIENTO COSTA AZUL,ACAPULCO DE JUAREZ,39850,16.84272,-99.84889
18,ACAPULCO 32,EJIDO,485,AGUAS BLANCAS,ACAPULCO DE JUAREZ,39589,16.86253,-99.90773
19,ACAPULCO 33,CUAUHTEMOC,802,EL PROGRESO,ACAPULCO DE JUAREZ,39350,16.85816,-99.89895
20,ACAPULCO 34,VICENTE GUERRERO,202,LIBERTADORES,ACAPULCO DE JUAREZ,39770,16.8905,-99.83604
21,ACAPULCO 35,BLVD. DE LAS NACIONES S/N,.,LA ZANJA O LA POZA,ACAPULCO DE JUAREZ,39906,16.77965,-99.78362
22,ACAPULCO 36,RUIZ CORTINEZ,234 LOTE1 MANZ 40,GARITA DE JUAREZ,ACAPULCO DE JUAREZ,39650,16.87683,-99.86999
23,ACAPULCO 37,LOTE 8 Y 88 CONDOMINIOCRISTOBAL COLON,LOCAL 4,COSTA AZUL,ACAPULCO DE JUAREZ,39850,16.85167,-99.84839
24,ACAPULCO 38,LOTE 1-A SECC. GRANJAS,S/N,MOZIMBA,ACAPULCO DE JUAREZ,39460,16.86484,-99.92744
25,ACAPULCO 39,CUAUHTEMOC,191,PROGRESO,ACAPULCO DE JUAREZ,39350,16.86023,-99.89211
26,ACAPULCO 4,AQUILES SERDAN,46,CENTRO,ACAPULCO DE JUAREZ,39300,16.85707,-99.90396
27,ACAPULCO 40,CUAUHTEMOC,90,CENTRO,ACAPULCO DE JUAREZ,39300,16.85614,-99.90119
28,ACAPULCO 41,FARALLON,LT 7 BMZA 11 A,FARALLON DEL OBISPO,ACAPULCO DE JUAREZ,39690,16.86356,-99.8691
29,ACAPULCO 5,NACIONAL ACAPULCO MEXICO,7,VICENTE GUERRERO,ACAPULCO DE JUAREZ,39760,16.8785,-99.85542
30,ACAPULCO 6,COSTERA MIGUEL ALEMAN,54,COSTA AZUL,ACAPULCO DE JUAREZ,39580,16.85087,-99.85231
31,ACAPULCO 7,COSTERA MIGUEL ALEMAN,180,FRACCIONAMIENTO MAGALLANES,ACAPULCO DE JUAREZ,39670,16.86096,-99.87508
32,ACAPULCO 8,GRAN VIA COLOSO,21,LA ESPERANZA,ACAPULCO DE JUAREZ,39810,16.84657,-99.81358
33,ACAPULCO 9,VIEJO A CALETA,3,LAS PLAYAS,ACAPULCO DE JUAREZ,39390,16.83231,-99.90339
34,"ACATLAN DE JUAREZ 1, JAL",CUAUHTEMOC,201,CENTRO,ACATLAN DE JUAREZ,45700,20.42541,-103.5964
35,ACAYUCAN 1,JUAN DE LA LUZ ENRIQUEZ,308,ACAYUCAN CENTRO,ACAYUCAN,96000,17.95258,-94.917
36,ACAYUCAN 2,M. HIDALGO,903,ACAYUCAN CENTRO,ACAYUCAN,96000,17.94947,-94.91647
37,ACAYUCAN 3,MIGUEL HIDALGO,104,ZAPOTAL,ACAYUCAN,96039,17.94946,-94.90617
38,ACAYUCAN 4,HIDALGO,2000,BARRIO DE SAN DIEGO,ACAYUCAN,96055,17.94834,-94.92277
39,AEROPUERTO,AEROPUERTO INTERNACIONAL BENITOJUAREZ DE LA CIUDAD DE MEXICO,LC NB-24SL B,PEÑON DE LOS BAÑOS,CIUDAD DE MEXICO,15520,19.43341,-99.08559
40,AEROPUERTO 2,AEROPUERTO INTERNACIONALBENITO JUAREZ DE LA CDMX,LC 92T1Y 93T1,PEÑON DE LOS BAÑOS,CIUDAD DE MEXICO,15520,19.43553,-99.083
41,AGRICOLA ORIENTAL 1,SUR 16,330,AGRICOLA ORIENTAL,CIUDAD DE MEXICO,08500,19.3946,-99.07284
42,AGRICOLA ORIENTAL 2,SUR 20,285,AGRICOLA ORIENTAL,CIUDAD DE MEXICO,08500,19.39192,-99.07402
43,AGUA DULCE 1,OBRERA,S/N,CENTRO,AGUA DULCE,96600,18.14341,-94.14111
44,AGUA DULCE 2,A. LIZARDO,235,AGUA DULCE CENTRO,AGUA DULCE,96600,18.14089,-94.14181
45,AGUA DULCE 3,INSURGENTES,6,EMILIANO ZAPATA,AGUA DULCE,96620,18.13759,-94.15063
46,"ALPES 1, D.F.",ALPES,48,LOS ALPES,CIUDAD DE MEXICO,01010,19.36273,-99.19107
47,ANAHUAC 2,BAHIA DEL ESPIRITU SANTO,43,ANAHUAC,CIUDAD DE MEXICO,11320,19.44021,-99.1766
48,ANAHUAC 3,MARINA NACIONAL,96,ANAHUAC,CIUDAD DE MEXICO,11400,19.45006,-99.18359
49,ANTILLAS,ANTILLAS,318,PORTALES SUR,CIUDAD DE MEXICO,03300,19.36847,-99.14294
50,APATLACO 1,MORELOS,33,APATLACO,CIUDAD DE MEXICO,09430,19.3795,-99.11473
51,APATZINGAN 1,CAYETANO ANDRADE,16 D,CENTRO,APATZINGAN,60600,19.08398,-102.3558
52,APATZINGAN 3,PORTAL CONSTITUCION DE 1814,7,APATZINGAN DE LA CONSTITUCION CENTRO,APATZINGAN,60600,19.08679,-102.3542
53,APATZINGAN 5,CAYETANO ANDRADE,77 A,APATZINGAN DE LA CONSTITUCION CENTRO,APATZINGAN,60600,19.08381,-102.3557
54,ARAGON LA VILLA,CUAUHTEMOC (5 DE FEBRERO),S/N (70),ARAGON LA VILLA,CIUDAD DE MEXICO,07000,19.48044,-99.11531
55,ARCELIA 1,HIDALGO,19,CENTRO,ARCELIA,40500,18.31727,-100.2841
56,ARCELIA 2,GUERRERO,3,ARCELIA CENTRO,ARCELIA,40500,18.31583,-100.2833
57,ARCELIA 3,ISABEL LA CATOLICA,S/N,LINDAVISTA,ARCELIA,40500,18.32179,-100.2812
58,ARCOS DE BELEN 2,ARCOS DE BELEN,26,DOCTORES,CIUDAD DE MEXICO,06720,19.42678,-99.14388
59,"ARIO DE ROSALES, MCH",GUERRERO,36,ARIO DE ROSALES,ARIO,61830,19.20633,-101.7092
60,ASTURIAS,CHABACANO,65,ASTURIAS,CIUDAD DE MEXICO,06850,19.40845,-99.13196
61,ATIZAPAN 3,LAGO DE GUADALUPE,53 MZ 122LT 3,CERRO GRANDE,CIUDAD ADOLFO LOPEZ MATEOS,52920,19.57991,-99.21615
62,AV. CENTRAL 2,MIGUEL ALEMAN VALDEZ,MZ 59,VALLE DE ANAHUAC SECC A,ECATEPEC,55210,19.51466,-99.03678
63,AV. CENTRAL 3,CENTRAL,773,VALLE DE ARAGON SEGUNDA SECC,NEZAHUALCOYOTL,57100,19.48749,-99.04773
64,AV. JALISCO,MARTIRES DE LA CONQUISTA,4,TACUBAYA,CIUDAD DE MEXICO,11870,19.40064,-99.18793
65,AV. JALISCO 2,ANTONIO MACEO,7,TACUBAYA,CIUDAD DE MEXICO,11870,19.40594,-99.1852
66,AV. MEXICO 1,MEXICO,1067,SANTA TERESA,CIUDAD DE MEXICO,10710,19.31097,-99.22543
67,AVENIDA 8,GRAL FRANCISCO MORAZAN,196,IGNACIO ZARAGOZA,CIUDAD DE MEXICO,15000,19.41254,-99.08996
68,AYUNTAMIENTO 1,AYUNTAMIENTO,14,CENTRO,CIUDAD DE MEXICO,06000,19.43034,-99.14228
69,AYUNTAMIENTO 2,AYUNTAMIENTO,77,CENTRO,CIUDAD DE MEXICO,06050,19.43106,-99.14607
70,BALDERAS 1,BALDERAS,33,CENTRO,CIUDAD DE MEXICO,06040,19.43455,-99.14756
71,BARONA,EMILIANO ZAPATA,68,ANTONIO BARONA,CUERNAVACA,62320,18.94661,-99.19569
72,BOCA DEL RIO 1,HIDALGO,307,CENTRO,BOCA DEL RIO,94290,19.10098,-96.1055
73,BOCA DEL RIO 10,SOLDADORES,LT 6 MZ65-B,VILLA RICA,BOCA DEL RIO,94298,19.12624,-96.11489
74,BOCA DEL RIO 2,COSTA DORADA,500-A,COSTA VERDE,BOCA DEL RIO,94294,19.166,-96.11328
75,BOCA DEL RIO 3,8,54,VENUSTIANO CARRANZA,BOCA DEL RIO,94297,19.1301,-96.12372
76,BOCA DEL RIO 4,LAZARO CARDENAS,LT 1,MANLIO FABIO ALTAMIRANO,BOCA DEL RIO,94296,19.14924,-96.12851
77,BOCA DEL RIO 5,COSTA VERDE,765,FRACCIONAMIENTO VIRGINIA,BOCA DEL RIO,94294,19.16511,-96.11721
78,BOCA DEL RIO 6,CANDIDO AGUILAR,18,VILLA RICA,BOCA DEL RIO,94298,19.1325,-96.11369
79,BOCA DEL RIO 7,PASEO JARDIN,429,FRACCIONAMIENTO VIRGINIA,BOCA DEL RIO,94294,19.16401,-96.12682
80,BOCA DEL RIO 8,GRACIANO SANCHEZ,2670,VENUSTIANO CARRANZA,BOCA DEL RIO,94297,19.12451,-96.12566
81,BOCA DEL RIO 9,VIA MUERTA,L-23 M-7,LUIS ECHEVERRIA ALVAREZ,BOCA DEL RIO,94298,19.12957,-96.1075
82,CALLE 7,7,288,PANTITLAN,CIUDAD DE MEXICO,08100,19.4117,-99.05711
83,CALZADA DE GUADALUPE 2,DE GUADALUPE,161,VALLE GOMEZ,CIUDAD DE MEXICO,06240,19.4604,-99.12653
84,CALZADA GUADALUPE 1,DE GUADALUPE,416,INDUSTRIAL,CIUDAD DE MEXICO,07800,19.47124,-99.12269
85,CANAL DEL NORTE 1,CANAL DEL NORTE,274,POPULAR RASTRO,CIUDAD DE MEXICO,15220,19.45031,-99.11595
86,CANCUN 14,NIÑOS HEROES,MZ 19,REGION 240,CANCUN,77527,21.19033,-86.8283
87,CANCUN 16,VIAL HACIENDA DE IXTLA,1517,SUPERMANZANA 201 CANCUN,CANCUN,77539,21.15742,-86.89684
88,CANCUN 17,NICHUPTE,LT 01 MZ28,SUPERMANZANA 50,CANCUN,77533,21.14104,-86.85279
89,CANCUN 19,MARGARITAS,MZ-105 L-22 SM 259,FRACCIONAMIENTO VILLA OTOCH PARAISO,CANCUN,77539,21.14845,-86.91579
90,CANCUN 2,TULUM,S/N MZ 05,SUPERMANZANA 7,CANCUN,77503,21.14549,-86.82405
91,CANCUN 21,MEXICO,MANZANA 16,FRACCIONAMIENTO EL MILAGRO,CANCUN,77536,21.11698,-86.91138
92,CANCUN 24,NICHUPTE,MZ-100L-02-03,SUPERMANZANA 99,CANCUN,77536,21.14046,-86.89084
93,CANCUN 3,TULUM MZ 7,LT 2-49/51,SMZA 22 CANCUN,CANCUN,77500,21.15903,-86.82584
94,CANCUN 5,NIÑOS HEROES,SM 220,NUEVOS HORIZONTES 2,CANCUN,77517,21.17362,-86.86249
95,CANCUN 6,137,MZ94 LT16,REGION 101,CANCUN,77519,21.15143,-86.87968
96,CANCUN 9,JOSE LOPEZ PORTILLO,SM91 MZ 60,CANCUN CENTRO,CANCUN,77500,21.16606,-86.8435
97,CASAS ALEMAN 1,PUERTO TUXPAN,59,CASAS ALEMAN,CIUDAD DE MEXICO,07580,19.4761,-99.08157
98,CASAS ALEMAN 2,PUERTO VERACRUZ,9,CASAS ALEMAN,CIUDAD DE MEXICO,07580,19.47538,-99.08891
99,CASTILLO DE TEAYO,PORFIRIO DIAZ,S/N,ZONA CENTRO,CASTILLO DE TEAYO,92940,20.74914,-97.63373
100,CD. AZTECA,CIRCUNVALACION SUR,42,JARDINES DE SANTA CLARA,ECATEPEC,55420,19.54538,-99.04071
101,CD. GUZMAN 1,FEDERICO DEL TORO,2,CIUDAD GUZMAN CENTRO,CIUDAD GUZMAN,49000,19.70341,-103.464
102,CD. GUZMAN 2,1RO DE MAYO,524-A,CENTRO,CIUDAD GUZMAN,49000,19.69283,-103.4677
103,CD. HIDALGO,PRIMERA NORTE,2,CENTRO,SUCHIATE,30840,14.6803,-92.14971
104,CD. HIDALGO 2,2A AVENIDA SUR PONIENTE,10-A,CENTRO,HIDALGO,30840,14.67826,-92.15196
105,CD. HIDALGO 3,3A AVENIDA NORTE,9,CIUDAD HIDALGO,SUCHIATE,30840,14.68209,-92.14886
106,CD. LAGO,AEROPUERTO,68,CIUDAD LAGO,NEZAHUALCOYOTL,57180,19.45629,-99.04705
107,CD. MADERO 2,JALISCO,100,UNIDAD NACIONAL,TAMPICO,89410,22.27263,-97.85205
108,CD. MADERO 7,GUATEMALA,1518 PTE,DEL VALLE,TAMAULIPAS,89550,22.26225,-97.83987
109,CD. MADERO 8,ALVARO OBREGON,1203,ARBOL GRANDE,TAMPICO,89490,22.24,-97.84114
110,CELAYA 1,ADOLFO LOPEZ MATEOS ORIENTE,200 LOCAL1 Y 202-D,ZONA CENTRO,CELAYA,38000,20.51961,-100.812
111,CELAYA 10,JOSE AGUILAR Y MAYA,204,FRACCIONAMIENTO ALAMEDA,CELAYA,38050,20.52826,-100.8113
112,CELAYA 2,MIGUEL HIDALGO,210-A,CENTRO,CELAYA,38000,20.52144,-100.816
113,CELAYA 3,MUTUALISMO,212,CENTRO,CELAYA,38000,20.51862,-100.8235
114,CELAYA 5,CORREGIDORA,107,CELAYA CENTRO,CELAYA,38000,20.52292,-100.8144
115,CELAYA 6,EL SAUZ,125,LAS CASAS,CELAYA,38013,20.54926,-100.8459
116,CELAYA 7,ADOLFO LOPEZ MATEOS,1023,CENTRO,CELAYA,38000,20.51973,-100.8283
117,CELAYA 8,ADOLFO LOPEZ MATEOS,506 PTE,ZONA CENTRO,CELAYA,38000,20.51979,-100.8175
118,CELAYA 9,BENITO JUAREZ,402,ZONA CENTRO,CELAYA,38000,20.52329,-100.8153
119,CENTRAL DE ABASTOS,ENCOMENDEROS,2,CENTRAL DE ABASTO,CIUDAD DE MEXICO,09040,19.38182,-99.08376
120,CENTRO 11,ARGENTINA,101,CENTRO,CIUDAD DE MEXICO,06020,19.44225,-99.13068
121,CENTRO 12,TACUBA,69,CENTRO,CIUDAD DE MEXICO,06000,19.43547,-99.13546
122,CENTRO 13,REPUBLICA DE CUBA,39,CENTRO,CIUDAD DE MEXICO,06010,19.43715,-99.13776
123,CENTRO 14,URUGUAY,156,CENTRO,CIUDAD DE MEXICO,06060,19.4295,-99.12909
124,CENTRO 2,5 DE FEBRERO,17,CENTRO,CIUDAD DE MEXICO,06060,19.43047,-99.13465
125,CENTRO 4,JUAREZ,18,CENTRO,CIUDAD DE MEXICO,06050,19.43424,-99.14213
126,CENTRO 6,REGINA,51,CENTRO,CIUDAD DE MEXICO,06080,19.42765,-99.13528
127,CENTRO 9,JOSE MARIA IZAZAGA,50,CENTRO DE LA CIUDAD DE MEXICO AREA 8,CIUDAD DE MEXICO,06080,19.4268,-99.13929
128,CHALCO 1,FRANCISCO I. MADERO,16,CENTRO,CHALCO,56600,19.26493,-98.89893
129,CHAMULA,CENTRAL,S/N,CENTRO,CHAMULA,29320,16.78728,-92.69078
130,CHAPULTEPEC 1,CHAPULTEPEC,92,ROMA,CIUDAD DE MEXICO,06040,19.42515,-99.15424
131,CHAPULTEPEC 2,CHAPULTEPEC,473,JUAREZ,CIUDAD DE MEXICO,06600,19.42188,-99.17218
132,"CHERAN, MCH",CONSTITUCION,10,BARRIO PRIMERO,CHERAN,60270,19.68779,-101.9555
133,CHIAPA DE CORZO,21 DE OCTUBRE,117,CHIAPA DE CORZO CENTRO,CHIAPA DE CORZO,29160,16.70896,-93.01625
134,CHIAPA DE CORZO 3,LIBERTAD,516,BARRIO BENITO JUAREZ,CHIAPA DE CORZO,29160,16.70578,-93.00654
135,CHICOLOAPAN,MEXICO - TEXCOCO KM. 27.5,LT 15,REVOLUCION,CHICOLOAPAN DE JUAREZ,56370,19.40602,-98.92611
136,CHIHUAHUA 12,RIO AMAZONAS,2003,FRACCIONAMIENTO RIBERAS DEL SACRAMENTO IETAPA III,CHIHUAHUA,31184,28.777,-106.1678
137,CHIHUAHUA 13,VALLARTA,6507,LAGOS,CHIHUAHUA,31100,28.67608,-106.1038
138,CHIHUAHUA 14,HEROICO COLEGIO MILITAR,12307,FRANCISCO DOMINGUEZ,CHIHUAHUA,31135,28.71213,-106.0939
139,CHIHUAHUA 15,DE LAS INDUSTRIAS,14701,CHIHUAHUA 2000-94,CHIHUAHUA,31136,28.72954,-106.1137
140,CHIHUAHUA 17,NUEVA ESPAÑA,5401,COLONIA VISTA CERRO GRANDE,CHIHUAHUA,31065,28.588,-106.0334
141,CHIHUAHUA 20,PUERTA DE AFRICA,15106,PUERTA NORTE,CHIHUAHUA,31125,28.71541,-106.1484
142,CHIHUAHUA 21,FELIPE ANGELES RAMIREZ,39,FRANCISCO VILLA,CHIHUAHUA,31134,28.69183,-106.0954
143,CHIHUAHUA 23,PASCUAL OROZCO,909,SAN FELIPE V,CHIHUAHUA,31240,28.65477,-106.0917
144,CHIHUAHUA 28,PASCUAL OROZCO,12106-D,REVOLUCION,CHIHUAHUA,31135,28.70663,-106.1107
145,CHIHUAHUA 3,SILVESTRE TERRAZAS,9004,CAMPESINA NUEVA,CHIHUAHUA,31410,28.60072,-106.1037
146,CHIHUAHUA 31,DE LAS AMERICAS,1601,PANAMERICANA,CHIHUAHUA,31210,28.65514,-106.1121
147,CHIHUAHUA 32,ARBOL DE HIERRO,20306,FRACCIONAMIENTO PARQUE INDUSTRIALIMPULSO (IV ETAPA),CHIHUAHUA,31183,28.74917,-106.1508
148,CHIHUAHUA 7,BENITO JUAREZ GARCIA,2101,CENTRO,CHIHUAHUA,31000,28.64236,-106.0718
149,CHIHUAHUA 8,16,5401,DALE,CHIHUAHUA,31050,28.61795,-106.0579
150,CHIHUAHUA 9,CUAUHTEMOC,2805,CUAUHTEMOC,CHIHUAHUA,31020,28.62896,-106.0835
151,CHIMALHUACAN 1,PEÑON,MZ 72,BARRIO TEJEDORES,CHIMALHUACAN,56330,19.42492,-98.96821
152,CHIMALHUACAN 12,FRANCISCO I. MADERO,MZ-1-ALT-105,ACUITLAPILCO 2DA. SECCION,CHIMALHUACAN,56335,19.43929,-98.93174
153,CHIMALHUACAN 2,TOCHCALLI,MZ 473,SARAPEROS,CHIMALHUACAN,56355,19.41949,-98.98387
154,CINTALAPA 2,1 AV. NORTE,2,CINTALAPA DE FIGUEROA CENTRO,CINTALAPA,30400,16.69858,-93.72101
155,CINTALAPA 3,DR. RODULFO FIGUEROA,138-C,BARRIO SEGURO SOCIAL,CINTALAPA,30400,16.68913,-93.72107
156,CINTALAPA 4,2 CA. PONIENTE SUR,7,CENTRO,CINTALAPA,30400,16.69797,-93.72307
157,CINTALAPA 5,3A CALLE ORIENTE,183,BARRIO SANTA CECILIA,CINTALAPA,30400,16.69582,-93.71936
158,CIRCUNVALACION 1,BERRIOZABAL,34,MORELOS,CIUDAD DE MEXICO,06200,19.44095,-99.12316
159,CIRCUNVALACION 2,ANILLO DE CIRCUNVALACION,1009,CENTRO DE LA CIUDAD DE MEXICO AREA 9,CIUDAD DE MEXICO,06090,19.42392,-99.12599
160,CIRCUNVALACION 3,HORTELANOS,35,MORELOS,CIUDAD DE MEXICO,15270,19.44107,-99.11903
161,CIRCUNVALACION 4,1 ORIENTE VIDAL ALCOCER,41,ZONA CENTRO,CIUDAD DE MEXICO,15100,19.43712,-99.12366
162,COATZACOALCOS 1,HIDALGO,501,CENTRO,COATZACOALCOS,96400,18.14484,-94.41766
163,COATZACOALCOS 2,UNIVERSIDAD VERACRUZANA,2109,EMILIANO ZAPATA,COATZACOALCOS,96560,18.13917,-94.46293
164,COATZACOALCOS 3,VENUSTIANO CARRANZA,404,CENTRO,COATZACOALCOS,96400,18.14735,-94.41588
165,COATZACOALCOS 5,JUAN OSORIO LOPEZ,304,INDEPENDENCIA,COATZACOALCOS,96556,18.12345,-94.46986
166,COATZACOALCOS 6,JOHN J. SPARK,1301,PUERTO MEXICO,COATZACOALCOS,96510,18.15306,-94.43703
167,COATZACOALCOS 7,NICOLAS BRAVO,123,CENTRO,COATZACOALCOS,96400,18.14211,-94.42271
168,COATZACOALCOS 8,MIGUEL ANGEL DE QUEVEDO,3014,GUADALUPE VICTORIA,COATZACOALCOS,96520,18.14553,-94.4569
169,"COMAPA 1, VER.",BOCA DEL MONTE,S/N,ZONA CENTRO,SIN CIUDAD,94200,19.15257,-96.8335
170,CORDOBA 1,9,401,CENTRO,CORDOBA,94500,18.89354,-96.93106
171,CORDOBA 10,AVENIDA 11,202,CENTRO,CORDOBA,94500,18.8917,-96.93913
172,CORDOBA 11,CALLE 10,3401-C,NUEVO TOXPAN,CORDOBA,94516,18.90728,-96.9302
173,CORDOBA 12,CORDOBA-PEÑUELA,4103,ZONA INDUSTRIAL,CORDOBA,94690,18.88031,-96.921
174,CORDOBA 13,10,334,CENTRO,CORDOBA,94500,18.89638,-96.93956
175,CORDOBA 14,CORDOBA-FORTIN,410-A,FRACCIONAMIENTO SAN NICOLAS 1RA. SECCION,CORDOBA,94540,18.90033,-96.97151
176,CORDOBA 15,5,113,CENTRO,CORDOBA,94500,18.89306,-96.93379
177,CORDOBA 16,LOPEZ MATEOS,S/N,MEXICO,CORDOBA,94690,18.90101,-96.93032
178,CORDOBA 17,1,110,CENTRO,CORDOBA,94500,18.89131,-96.93102
179,CORDOBA 2,2,1101,CENTRO,CORDOBA,94500,18.89211,-96.93103
180,CORDOBA 5,4,510,CORDOBA CENTRO,CORDOBA,94500,18.89431,-96.93228
181,CORDOBA 6,9,S/N,CORDOBA CENTRO,CORDOBA,94500,18.89563,-96.92928
182,CORDOBA 7,11,1101,CORDOBA CENTRO,CORDOBA,94500,18.88819,-96.93453
183,CORDOBA 8,AVENIDA 6,1105,CORDOBA CENTRO,CORDOBA,94500,18.89363,-96.92964
184,CORDOBA 9,2,117,CENTRO,CORDOBA,94500,18.8946,-96.93395
185,CORUÑA 1,CORUÑA,255,VIADUCTO PIEDAD,CIUDAD DE MEXICO,08200,19.40098,-99.13345
186,CORUÑA 2,DE TLALPAN,498,VIADUCTO PIEDAD,CIUDAD DE MEXICO,08200,19.39922,-99.13692
187,COSAMALOAPAN 1,MIGUEL HIDALGO,S/N,CENTRO,COSAMALOAPAN DE CARPIO,95400,18.36512,-95.7946
188,COSAMALOAPAN 2,HERMENEGILDO GALEANA,MZA 13,COSAMALOAPAN DE CARPIO,COSAMALOAPAN DE CARPIO,95400,18.36665,-95.79945
189,COSAMALOAPAN 3,FRANCISCO I. MADERO,505,COSAMALOAPAN DE CARPIO CENTRO,COSAMALOAPAN DE CARPIO,95400,18.36547,-95.79306
190,COSAMALOAPAN 4,CARRETERA FEDERAL,3310,COSAMALOAPAN DE CARPIO CENTRO,COSAMALOAPAN DE CARPIO,95400,18.36463,-95.78116
191,COSOLEACAQUE,LOPEZ MATEOS,84,GUSTAVO DIAZ ORDAZ,MINATITLAN,96344,18.01307,-94.55581
192,COYOACAN 1,HIDALGO,7,CENTRO COYOACAN,CIUDAD DE MEXICO,04000,19.35019,-99.16289
193,COYOACAN 2,SAN GONZALO,LT 10 MZ 1,SANTA URSULA COAPA,CIUDAD DE MEXICO,04600,19.31116,-99.14925
194,CUAUTITLAN IZCALLI 2,PASEOS DEL BOSQUE,MZ 48,BOSQUES DE MORELOS,CUAUTITLAN IZCALLI,54760,19.62916,-99.23085
195,CUAUTITLAN IZCALLI 3,JORGE JIMENEZ CANTU,S/N,CENTRO URBANO,CUAUTITLAN IZCALLI,54700,19.66936,-99.2094
196,"CUAUTITLAN, JALISCO",GARCIA BARRAGAN,77,CENTRO,CUAUTITLAN DE GARCIA BARRAGAN,48950,19.4526,-104.3583
197,CUERNAVACA 1,RAYON,2,CENTRO,CUERNAVACA,62000,18.92226,-99.23535
198,CUERNAVACA 10,SAN DIEGO,703,VISTA HERMOSA,CUERNAVACA,62290,18.94096,-99.21513
199,CUERNAVACA 13,JOHN F KENNEDY,3-A,LOMAS DE LA SELVA ORIENTE,CUERNAVACA,62253,18.94488,-99.2334
200,CUERNAVACA 15,PLAN DE AYALA,1504,CUAUHNAHUAC,CUERNAVACA,62430,18.92144,-99.20602
201,CUERNAVACA 3,CUAHUNAHUAC,KM 9.8,VILLA DEL DESCANSO,CUERNAVACA,62570,18.89706,-99.16894
202,CUERNAVACA 5,MORELOS SUR PLAZA COMERCIAL DAFNE,1602,CHIPITLAN,CUERNAVACA,62070,18.89974,-99.23107
203,CUERNAVACA 7,EMILIANO ZAPATA,919,BUENAVISTA,CUERNAVACA,62130,18.96089,-99.24637
204,CUICHAPA 1,3,224,CENTRO,CUICHAPA,94920,18.77273,-96.86862
205,"CUITLAHUAC 2, VER.",3,10,CUITLAHUAC CENTRO,CUITLAHUAC,94915,18.81319,-96.72286
206,"CUITLAHUAC 3, VER.",1 (UNO),1501,ALTAMIRANO,CUITLAHUAC,94910,18.81083,-96.71596
207,CUITLAHUAC VER.,2,12,CENTRO,CUITLAHUAC,94910,18.81442,-96.72261
208,CULIACAN 1,ALVARO OBREGON,1638,TIERRA BLANCA,CULIACAN,80030,24.82198,-107.3963
209,CULIACAN 16,INTERNACIONAL AL NORTE ACERA OTE.,3128,HUMAYA INFONAVIT,CULIACAN,80020,24.82009,-107.4191
210,CULIACAN 17,ALVARO OBREGON,6183 SUR,RENATO VEGA ALVARADO,CULIACAN,80199,24.75517,-107.3864
211,CULIACAN 19,EL DORADO,839 NTE,LAS QUINTAS,CULIACAN,80060,24.8146,-107.368
212,CULIACAN 2,ANGEL FLORES PONIENTE,75,CENTRO,CULIACAN,80000,24.8089,-107.3955
213,CULIACAN 20,ALVARO OBREGON,4047 NORTE,VICENTE LOMBARDO TOLEDANO,CULIACAN,80010,24.85143,-107.3939
214,CULIACAN 21,LOLA BELTRAN,3717 PTE,HUMAYA,CULIACAN,80020,24.81095,-107.4401
215,CULIACAN 22,GENERAL PABLO MACIAS VALENZUELA SUR,3740 PTE,ESTELA ORTIZ DE TOLEDO,CULIACAN,80197,24.7623,-107.4234
216,CULIACAN 26,ALCATRAZ,3070 SUR,FRACCIONAMIENTO BUGAMBILIAS,CULIACAN,80145,24.76593,-107.4546
217,CULIACAN 27,JUAN DE DIOS BATIZ,715,MORELOS,CULIACAN,80170,24.78922,-107.4007
218,CULIACAN 28,AEROPUERTO,8457 PTE,NUEVO BACHIGUALATO,CULIACAN,80135,24.77526,-107.4717
219,CULIACAN 30,JUAN LEY FONG,3489,ALTURAS DEL SUR,CULIACAN,80295,24.76193,-107.358
220,CULIACAN 32,MARIO LOPEZ VALDEZ,3007 NTE,FRACC BARCELONA,CULIACAN,80059,24.83209,-107.4325
221,CULIACAN 39,FRANCISCO I. MADERO,5369,EL BARRIO,CULIACAN,80080,24.80539,-107.3362
222,CULIACAN 6,EMILIANO ZAPATA,3281,EL PALMITO,CULIACAN,80159,24.79045,-107.4269
223,CULIACAN 7,HEROICO COLEGIO MILITAR,2009,EMILIANO ZAPATA,CULIACAN,80260,24.78912,-107.3721
224,DEL LAGO,DE TLALPAN,1077,DEL LAGO,CIUDAD DE MEXICO,03640,19.3794,-99.14079
225,DEL VALLE,DEL VALLE,137,DEL VALLE,CIUDAD DE MEXICO,03100,19.38616,-99.17344
226,DELIVERY,ALEMANIA,10,INDEPENDENCIA,CIUDAD DE MEXICO,03630,0.0,0.0
227,DIAGONAL SAN ANTONIO,JUAN SANCHEZ AZCONA,510,NARVARTE,CIUDAD DE MEXICO,03020,19.3936,-99.16037
228,DIVISION DEL NORTE,DIVISION DEL NORTE,2863,PARQUE SAN ANDRES,CIUDAD DE MEXICO,04040,19.34505,-99.14967
229,DIVISION DEL NORTE 2,PROLONGACION DIVISION DEL NORTE,LOTE 11MANZANA 2,BELISARIO DOMINGUEZ,CIUDAD DE MEXICO,14310,19.30445,-99.13221
230,DR. BALMIS,DOCTOR BALMIS,8,DOCTORES,CIUDAD DE MEXICO,06720,19.41426,-99.14442
231,DR. OLVERA,DR. OLVERA,1,DOCTORES,CIUDAD DE MEXICO,06720,19.41535,-99.144
232,EBANO,CONSTITUCION,S/N,CENTRO,EBANO,79150,22.20947,-98.38013
233,EBANO 2,VICENTE GUERRERO,114-B,TULIPANES,EBANO,79170,22.21366,-98.37535
234,EBANO 3,BENITO JUAREZ,15,20 DE NOVIEMBRE,EBANO,79161,22.21196,-98.37792
235,ECATEPEC 1,VIA MORELOS,368,SANTA CLARA COATITLA,ECATEPEC,55540,19.53587,-99.0631
236,ECATEPEC 3,VIA MORELOS,244,SANTA MARIA TULPETLAC,ECATEPEC,55400,19.56816,-99.044
237,"ECUANDUREO, MICH.",ZARAGOZA,54,CENTRO,ECUANDUREO,59730,20.16215,-102.1947
238,EJE CENTRAL 1,REPUBLICA DE CUBA,2,CENTRO,CIUDAD DE MEXICO,06000,19.43793,-99.14014
239,EJE CENTRAL 2,CENTRAL LAZARO CARDENAS,14,OBRERA,CIUDAD DE MEXICO,06800,19.42168,-99.14297
240,EJE CENTRAL 3,CENTRAL LAZARO CARDENAS,13,CENTRO,CIUDAD DE MEXICO,06050,19.43288,-99.14134
241,EJE CENTRAL 7,EJE CENTRAL LAZARO CARDENAS,4907,MAGDALENA DE LAS SALINAS,CIUDAD DE MEXICO,07760,19.48017,-99.14021
242,EL HIGO,FRANCISCO I MADERO,22,EL HIGO CENTRO,EL HIGO,92400,21.76862,-98.45195
243,EL HIGO 2,FRANCISCO I. MADERO,37,ZONA CENTRO,EL HIGO,92400,21.76833,-98.45331
244,EL OLIVO,TECAMACHALCO,MZ 8,EL OLIVO,HUIXQUILUCAN,52789,19.38634,-99.27757
245,ERMITA 1,ERMITA IZTAPALAPA,4012,SANTA MARIA AZTAHUACAN,CIUDAD DE MEXICO,09500,19.34496,-99.02493
246,ERMITA 2,ERMITA IZTAPALAPA,72,PORTALES,CIUDAD DE MEXICO,03580,19.35975,-99.13991
247,ERMITA 3,ERMITA IZTAPALAPA,447,PRADO CHURUBUSCO,CIUDAD DE MEXICO,04230,19.35759,-99.12252
248,ERMITA 4,ERMITA IZTAPALAPA,334,CACAMA,CIUDAD DE MEXICO,09080,19.35842,-99.12813
249,ERMITA 5,ERMITA IZTAPALAPA,238,SINATEL,CIUDAD DE MEXICO,09470,19.35909,-99.13362
250,ESCANDON,COMERCIO,92,ESCANDON,CIUDAD DE MEXICO,11800,19.40252,-99.17823
251,ESCANDON 2,PROSPERIDAD,63,ESCANDON II SECCION,CIUDAD DE MEXICO,11800,19.40141,-99.17538
252,FELIX CUEVAS,FELIX CUEVAS,209,DEL VALLE CENTRO,CIUDAD DE MEXICO,03100,19.37304,-99.17658
253,FORTIN 1,1 SUR,211,CENTRO,FORTIN,94470,18.89849,-96.9987
254,FORTIN 2,3,102,CENTRO,FORTIN,94470,18.89995,-96.99765
255,FRAY SERVANDO,DR. VALENZUELA,38,DOCTORES,CIUDAD DE MEXICO,06720,19.42463,-99.14334
256,GARIBALDI,HONDURAS,8A 14,CENTRO,CIUDAD DE MEXICO,06010,19.44088,-99.13756
257,GENERAL ANAYA,DE TLALPAN,1713,SAN DIEGO CHURUBUSCO,CIUDAD DE MEXICO,04120,19.35404,-99.1451
258,"GENOVA, CUAUHTEMOC",GENOVA,65,JUAREZ,CIUDAD DE MEXICO,06600,19.42582,-99.1639
259,GUADALAJARA 1,LOPEZ COTILLA,385,SECTOR JUAREZ,GUADALAJARA,44100,20.67433,-103.3486
260,GUADALAJARA 10,ANDRES TERAN,560,SANTA TERESITA,GUADALAJARA,44600,20.68519,-103.368
261,GUADALAJARA 100,CAMINO DE SANTIAGO,1570,PASEOS DE SANTIAGO,GUADALAJARA,45410,20.66584,-103.2148
262,GUADALAJARA 101,DIAZ DE LEON SUR ENRIQUE,730,MODERNA,GUADALAJARA,44190,20.66569,-103.3596
263,GUADALAJARA 102,JUAREZ,102,GUADALAJARA CENTRO,GUADALAJARA,44100,20.67537,-103.3441
264,GUADALAJARA 103,VEINTIDOS,6,ECHEVERRIA,GUADALAJARA,44970,20.62689,-103.361
265,GUADALAJARA 104,PABLO NERUDA,2989,LOMAS PROVIDENCIA,GUADALAJARA,44647,20.69759,-103.387
266,GUADALAJARA 105,RAFAEL SANZIO,771,ARCOS DE GUADALUPE,ZAPOPAN,45037,20.66185,-103.4306
267,GUADALAJARA 106,BETHANIA,3069,BETHEL,GUADALAJARA,44720,20.69405,-103.273
268,GUADALAJARA 107,SAN FELIPE,994,GUADALAJARA CENTRO,GUADALAJARA,44100,20.67942,-103.3603
269,GUADALAJARA 108,FERROCARRIL,105,SECTOR JUAREZ,GUADALAJARA,44770,20.67089,-103.3464
270,GUADALAJARA 109,16 DE SEPTIEMBRE,8,GUADALAJARA CENTRO,GUADALAJARA,44100,20.67648,-103.3475
271,GUADALAJARA 11,SANTIAGO,2421,OBLATOS,GUADALAJARA,44700,20.69481,-103.296
272,GUADALAJARA 110,RIO NILO,2003,LOMAS DEL PARADERO,GUADALAJARA,44840,20.64892,-103.3188
273,GUADALAJARA 111,ADOLF BERNARD HORN,5501,UNION DEL CUATRO,TLAJOMULCO DE ZUÑIGA,45654,20.52967,-103.3476
274,GUADALAJARA 112,FRAY TORIBIO DE MOTOLINIA,509,FRACCIONAMIENTO SAN FRANCISCO,ZAPOPAN,45140,20.72509,-103.4002
275,GUADALAJARA 113,CENTRAL,45,CIUDAD GRANJA,GUADALAJARA,45010,20.68267,-103.4447
276,GUADALAJARA 114,CIRCUNVALACION OBLATOS,2347,OBLATOS,GUADALAJARA,44716,20.68969,-103.2992
277,GUADALAJARA 115,JUAN GIL PRECIADO,2001,EL TIGRE,ZAPOPAN,45134,20.74989,-103.4204
278,GUADALAJARA 116,ANILLO PERIFERICO,2109,FRACCIONAMIENTO PASEOS DEL SOL,JALISCO,45079,20.63167,-103.4359
279,GUADALAJARA 117,SANTA MARGARITA,"5054,FRACCION 3",FRACCIONAMIENTO VALLE ESMERALDA,GUADALAJARA,45138,20.7306,-103.4433
280,GUADALAJARA 118,NORTE,14 LOCAL 9,CIUDAD GRANJA,GUADALAJARA,45010,20.68274,-103.4456
281,GUADALAJARA 119,ADOLF. B HORN JR,3513,FRACC REAL DEL VALLE,TLAJOMULCO DE ZUÑIGA,45654,20.55446,-103.3627
282,GUADALAJARA 12,JOSE MA. IGLESIAS,3284,CUAUHTEMOC,GUADALAJARA,44750,20.6793,-103.288
283,GUADALAJARA 13,REPUBLICA,1554,MONUMENTAL,GUADALAJARA,44320,20.67446,-103.314
284,GUADALAJARA 14,10,1968,FERROCARRIL,GUADALAJARA,44440,20.64439,-103.3498
285,GUADALAJARA 15,SAN JACINTO,452,SAN RAFAEL,GUADALAJARA,44810,20.65273,-103.3001
286,GUADALAJARA 16,INDEPENDENCIA SUR,221,BARRAGAN Y HERNANDEZ,GUADALAJARA,44469,20.67175,-103.3435
287,GUADALAJARA 17,IGNACIO LUIS VALLARTA,1843,LAFAYETTE,GUADALAJARA,44100,20.6743,-103.3736
288,GUADALAJARA 18,JUAN MANUEL,400,ZONA CENTRO,GUADALAJARA,44100,20.67893,-103.3474
289,GUADALAJARA 19,ZARAGOZA,113,ZONA CENTRO,GUADALAJARA,44100,20.67825,-103.3499
290,GUADALAJARA 2,JOAQUIN AMARO,2301,SECTOR LIBERTAD,GUADALAJARA,44700,20.70451,-103.293
291,GUADALAJARA 20,BELISARIO DOMINGUEZ,702,SANTA CECILIA,GUADALAJARA,44700,20.68301,-103.3269
292,GUADALAJARA 21,ESTEBAN A LA TORRE,3094,LIBERTAD,GUADALAJARA,44750,20.67232,-103.2922
293,GUADALAJARA 22,MALECON,25,VILLAS DE ORIENTE,GUADALAJARA,44720,20.63892,-103.2782
294,GUADALAJARA 24,LOMA DEL NORTE,7734,LOMA DORADA,GUADALAJARA,45418,20.63139,-103.2657
295,GUADALAJARA 25,GUADALUPE MARTINEZ DE HERNANDEZLOZA,3019,SAN JOSE RIO VERDE,GUADALAJARA,44726,20.6933,-103.2799
296,GUADALAJARA 26,PRESA LAUREL,607,SAN JOAQUIN,GUADALAJARA,44770,20.67046,-103.2757
297,GUADALAJARA 27,MEDRANO,1436,SAN ANTONIO,GUADALAJARA,44800,20.66203,-103.3186
298,GUADALAJARA 28,REVOLUCION,668,ANALCO,GUADALAJARA,44450,20.66687,-103.3352
299,GUADALAJARA 29,JUAREZ,595 Y 597,CENTRO,GUADALAJARA,44100,20.67493,-103.3524
300,GUADALAJARA 3,DIONICIO RODRIGUEZ,201,SECTOR LIBERTAD,GUADALAJARA,44700,20.67558,-103.3372
301,GUADALAJARA 30,GOBERNADOR CURIEL,3090,5 DE MAYO,GUADALAJARA,44940,20.62564,-103.348
302,GUADALAJARA 31,PATRIA ZONA I,1150,MIRADOR DEL SOL,GUADALAJARA,45054,20.65412,-103.4237
303,GUADALAJARA 32,BRASIL,120-A Y120-B,FRACCIONAMIENTO CHULAVISTA,TLAJOMULCO DE ZUÑIGA,45653,20.51216,-103.3661
304,GUADALAJARA 33,COPERNICO,28,PLAZA GUADALUPE,GUADALAJARA,45030,20.65449,-103.4324
305,GUADALAJARA 36,RIO MASCOTA,1979,ATLAS,GUADALAJARA,44870,20.64443,-103.3277
306,GUADALAJARA 37,HIDALGO,60,PARQUES DE TESISTAN,GUADALAJARA,45200,20.79915,-103.478
307,GUADALAJARA 39,RIO NILO,3641,VILLAS DEL NILO,GUADALAJARA,44824,20.64466,-103.2862
308,GUADALAJARA 4,HERRERA Y CAIRO,9,SAN PEDRO TLAQUEPAQUE,TLAQUEPAQUE,45500,20.63904,-103.3106
309,GUADALAJARA 40,PATRIA,945,5 DE MAYO,GUADALAJARA,44970,20.62097,-103.3599
310,GUADALAJARA 41,CRUZ DEL SUR,2581,CRUZ DEL SUR,GUADALAJARA,44950,20.64584,-103.3817
311,GUADALAJARA 44,BELISARIO DOMINGUEZ,1700,BELISARIO DOMINGUEZ,GUADALAJARA,44320,20.69546,-103.3222
312,GUADALAJARA 45,HONDURAS,1872,DEL SUR,GUADALAJARA,44920,20.65063,-103.3713
313,GUADALAJARA 47,HIDALGO,156,CENTRO,GUADALAJARA,45100,20.72209,-103.3928
314,GUADALAJARA 48,CRUZ DEL SUR,3117,LOMAS DE LA VICTORIA,TLAQUEPAQUE,45607,20.63536,-103.3978
315,GUADALAJARA 5,MORELOS,30,CENTRO,GUADALAJARA,45100,20.72322,-103.3908
316,GUADALAJARA 50,MESA DEL NORTE,427,BELISARIO DOMINGUEZ,GUADALAJARA,44320,20.7049,-103.3172
317,GUADALAJARA 51,REVOLUCION,2159,LA LOMA,GUADALAJARA,44410,20.65223,-103.3119
318,GUADALAJARA 54,PLAN DE AYALA,3223,FRACCIONAMIENTO REVOLUCION,TLAQUEPAQUE,45580,20.62135,-103.3208
319,GUADALAJARA 55,CENTRAL,1295-2,CIUDAD GRANJA,GUADALAJARA,45010,20.67609,-103.4491
320,GUADALAJARA 56,FEDERALISTAS 1317 Y 1317-A,1317 Y1317 A,GIRASOLES ACUEDUCTO,GUADALAJARA,45138,20.74447,-103.4227
321,GUADALAJARA 57,VICENTE GUERRERO,16,SAN MARTIN DE LAS FLORES DE ABAJO,TLAQUEPAQUE,45629,20.60002,-103.284
322,GUADALAJARA 58,NIÑOS HEROES,720-A,ALAMO,TLAQUEPAQUE,45560,20.62768,-103.3207
323,GUADALAJARA 6,LAZARO CARDENAS,1298,SECTOR JUAREZ,GUADALAJARA,44100,20.64785,-103.3613
324,GUADALAJARA 60,ANILLO PERIFERICO ORIENTE,2392,COYULA,GUADALAJARA,45410,20.66856,-103.2341
325,GUADALAJARA 61,GONZALEZ GALLO,1113,QUINTA VELARDE,GUADALAJARA,44430,20.65034,-103.3357
326,GUADALAJARA 63,COLOTLAN,5880-A,EJIDO COPALITA,GUADALAJARA,45200,20.8288,-103.4506
327,GUADALAJARA 64,LAZARO CARDENAS,43,SAN JOSE DEL QUINCE,EL SALTO,45696,20.54168,-103.2894
328,GUADALAJARA 65,FRANCISCO JAVIER MINA,1926,SAN ANDRES,GUADALAJARA,44810,20.66503,-103.3055
329,GUADALAJARA 66,JOSE MARIA NARVAEZ,1029,BLANCO Y CUELLAR,GUADALAJARA,44730,20.67879,-103.2995
330,GUADALAJARA 67,MERCURIO,103,ARENALES TAPATIOS,GUADALAJARA,45066,20.6355,-103.4631
331,GUADALAJARA 68,SAN GASPAR,285,JALISCO PRIMERA SECCION,GUADALAJARA,45412,20.67748,-103.2574
332,GUADALAJARA 7,PORFIRIO DIAZ,202,OBLATOS,GUADALAJARA,44700,20.67308,-103.3236
333,GUADALAJARA 70,18 DE MARZO,2134-A,LAS AGUILAS,GUADALAJARA,45080,20.62782,-103.4173
334,GUADALAJARA 72,FEDERACION,1801,SAN JUAN BOSCO,GUADALAJARA,44730,20.6764,-103.3123
335,GUADALAJARA 73,SANTA ROSALIA,1140,FRACCIONAMIENTO LA SOLEDAD RESIDENCIAL,TLAQUEPAQUE,45525,20.63669,-103.2841
336,GUADALAJARA 74,INDEPENDENCIA NORTE,2803,LOMAS DE INDEPENDENCIA,GUADALAJARA,44240,20.71312,-103.3216
337,GUADALAJARA 75,JUAREZ,816,PRADOS COYULA,TONALA,45410,20.65179,-103.2276
338,GUADALAJARA 76,ALATORRE ESTEBAN,3274,LIBERTAD,GUADALAJARA,44750,20.67217,-103.2882
339,GUADALAJARA 77,ALVARO OBREGON,1048,ORO,GUADALAJARA,44730,20.66894,-103.3222
340,GUADALAJARA 78,VOLCAN POPOCATEPETL,5971,FRACCIONAMIENTO COLLI URBANO,GUADALAJARA,45070,20.64359,-103.4331
341,GUADALAJARA 79,JAIME TORRES BODET,3136 Y3138,JARDINES EL SAUZ,GUADALAJARA,44987,20.62406,-103.3951
342,GUADALAJARA 8,TESISTAN,1543,SANTA MARGARITA,GUADALAJARA,45140,20.73044,-103.4036
343,GUADALAJARA 80,PASEO DE LA ARBOLEDA,2500,BOSQUES DE LA VICTORIA,GUADALAJARA,44540,20.64704,-103.3862
344,GUADALAJARA 81,FRANCISCO I. MADERO,40,TLAQUEPAQUE CENTRO,GUADALAJARA,45500,20.63988,-103.3114
345,GUADALAJARA 82,MANUEL J. CLOUTHIER,163,PRADOS VALLARTA,GUADALAJARA,45020,20.67369,-103.4165
346,GUADALAJARA 83,PASEO DE LOS BALCONES,3838 Y3834,BALCONES DE SANTA MARIA,GUADALAJARA,45530,20.6121,-103.3948
347,GUADALAJARA 84,MANUEL ACUÑA,1536,SANTA TERESITA,GUADALAJARA,44600,20.6843,-103.3691
348,GUADALAJARA 85,PRESA OSORIO,3750,SAN JOAQUIN,GUADALAJARA,44770,20.67034,-103.2793
349,GUADALAJARA 86,C. C. PINO SUAREZ,587,VILLA LA,GUADALAJARA,45100,20.72826,-103.3907
350,GUADALAJARA 87,GUARDIA NACIONAL,2765,FRACCIONAMIENTO MISION LA FLORESTA,ZAPOPAN,45066,20.62678,-103.4659
351,GUADALAJARA 88,ELISEO OROZCO GUTIERREZ,413,NUEVO MEXICO,ZAPOPAN,45138,20.76601,-103.4467
352,GUADALAJARA 89,MARIANO OTERO,1518,NUEVA GALICIA,TLAJOMULCO DE ZUÑIGA,45645,20.5752,-103.4418
353,GUADALAJARA 9,INDEPENDENCIA NORTE,422,LA PERLA,GUADALAJARA,44360,20.68158,-103.3381
354,GUADALAJARA 90,LA CIMA,1014,LA CIMA,GUADALAJARA,45134,20.75323,-103.4117
355,GUADALAJARA 91,AVENIDA NIÑOS HEROES,2718,JARDINES DEL BOSQUE CENTRO,GUADALAJARA,44520,20.66694,-103.3849
356,GUADALAJARA 92,SAN MATEO,L-50,TIERRA RESIDENCIAL,GUADALAJARA,45200,20.80117,-103.47
357,GUADALAJARA 93,CIRCUNVALACION JORGE ALVAREZ,1469,LOMAS DEL COUNTRY,GUADALAJARA,44610,20.7048,-103.3647
358,GUADALAJARA 94,SANTA MARGARITA,303,SANTA MARGARITA,GUADALAJARA,45140,20.7305,-103.4164
359,GUADALAJARA 95,JUAREZ,248,TLAQUEPAQUE CENTRO,TLAQUEPAQUE,45500,20.63852,-103.3148
360,GUADALAJARA 96,JUAN PABLO II,3187,OBLATOS,GUADALAJARA,44700,20.70283,-103.2837
361,GUADALAJARA 97,SALVADOR OROZCO LORETO,1319,LAS HUERTAS,TLAQUEPAQUE,45589,20.61401,-103.3036
362,GUADALAJARA 98,SILVA ROMERO FRANCISCO,96,LOS ALTOS,TLAQUEPAQUE,45520,20.63838,-103.3003
363,GUADALAJARA 99,BOSQUES DE SAN ISIDRO,586,LA GRANA,GUADALAJARA,45180,20.74603,-103.3853
364,GUSTAVO BAZ,GUSTAVO BAZ,253,HACIENDA DE ECHEGARAY,NAUCALPAN,53300,19.49494,-99.22725
365,HACIENDA MARGARITAS,ALCATRAZ,560,HACIENDA LAS MARGARITAS IV,MONTERREY,66647,25.70989,-100.1578
366,HAMBURGO 1,HAMBURGO,206,JUAREZ,CIUDAD DE MEXICO,06600,19.42432,-99.16865
367,"HIDALGOTITLAN, VER",FRANCISCO I. MADERO,S/N,HIDALGOTITLAN,HIDALGOTITLAN,96930,17.77256,-94.64722
368,HIPODROMO 1,TAMAULIPAS,236,HIPODROMO,CIUDAD DE MEXICO,06100,19.40681,-99.17873
369,HUATUSCO,2 PONIENTE,413,CENTRO,HUATUSCO,94100,19.15128,-96.96515
370,HUATUSCO 2,1 ORIENTE,S/N,CENTRO,HUATUSCO,94100,19.1502,-96.96268
371,HUATUSCO 3,6 SUR,S/N,ZONA CENTRO,HUATUSCO,94100,19.14781,-96.96797
372,HUATUSCO 4,28 NORTE,4,RESERVA TERRITORIAL,HUATUSCO,94106,19.14161,-96.97579
373,"HUEHUETAN 2, CHIAPAS",SEGUNDA AVENIDA NORTE,6,BARRIO SANTO DOMINGO,HUEHUETAN,30660,15.01916,-92.38438
374,HUEHUETAN CHIAPAS,JUAREZ,S/N,HUEHUETAN,HUEHUETAN,30670,15.0111,-92.40388
375,"HUEJUQUILLA 1, JAL.",VICENTE GUERRERO,8,HUEJUQUILLA EL ALTO CENTRO,HUEJUQUILLA EL ALTO,46000,22.62782,-103.8978
376,HUETAMO 4,FRAY JUAN DE ZUMARRAGA,34,HUETAMO DE NUÑEZ CENTRO,HUETAMO,61940,18.6275,-100.8972
377,HUIXTLA 1,RAYON NORTE,8,CENTRO,HUIXTLA,30640,15.13763,-92.46322
378,HUIXTLA 2,CENTRAL NORTE,11,CENTRO,HUIXTLA,30640,15.13871,-92.46568
379,HUIXTLA 3,CENTRAL NORTE PONIENTE,57,CENTRO,HUIXTLA,30640,15.1431,-92.4633
380,HUIXTLA 5,JUAREZ NORTE,S/N,HUIXTLA CENTRO,HUIXTLA,30640,15.13888,-92.46469
381,INDEPENDENCIA,INDEPENDENCIA,44,INDEPENDENCIA,CIUDAD DE MEXICO,03630,19.37814,-99.14242
382,INSURGENTES 2,SINALOA,6,ROMA NORTE,CIUDAD DE MEXICO,06700,19.42153,-99.16377
383,INSURGENTES 3,INSURGENTES SUR,402,ROMA SUR,CIUDAD DE MEXICO,06760,19.40883,-99.16742
384,INSURGENTES 4,INSURGENTES SUR,2375,BARRIO LORETO,CIUDAD DE MEXICO,01090,19.34181,-99.18996
385,INSURGENTES 5,PUEBLA,163,ROMA,CIUDAD DE MEXICO,06700,19.42245,-99.16257
386,INSURGENTES 6,INSURGENTES SUR,520,ROMA SUR,CIUDAD DE MEXICO,06760,19.40244,-99.16948
387,INSURGENTES 7,INSURGENTES NORTE,1210,CAPULTITLAN,CIUDAD DE MEXICO,07370,19.47665,-99.13345
388,INSURGENTES 8,INSURGENTES SUR,327,HIPODROMO,CIUDAD DE MEXICO,06100,19.41311,-99.16637
389,INSURGENTES 9,SUR,275,ROMA NORTE,CIUDAD DE MEXICO,06700,19.41625,-99.16534
390,IRAPUATO 1,MANUEL DOBLADO,79,ZONA CENTRO,IRAPUATO,36500,20.67309,-101.3445
391,IRAPUATO 10,COLON,331Y331-B,IRAPUATO CENTRO,IRAPUATO,36500,20.6758,-101.3459
392,IRAPUATO 12,FERNANDO DAVILA,96 Y 104,IRAPUATO CENTRO,IRAPUATO,36500,20.6731,-101.348
393,IRAPUATO 14,PASEO FLORESTA,761,FLORESTA,IRAPUATO,36584,20.64436,-101.3378
394,IRAPUATO 15,PASEO DE LA SOLIDARIDAD,12100,UNIDAD HABITACIONAL LABORATORIO C.F.E.,IRAPUATO,36631,20.69793,-101.3438
395,IRAPUATO 16,JARDIN,311,PURISIMA DEL JARDIN,IRAPUATO,36555,20.64322,-101.3859
396,IRAPUATO 17,LOS REYES,242,LOS REYES,IRAPUATO,36570,20.66242,-101.3514
397,IRAPUATO 18,TERESA VARA,918,INSURGENTES,IRAPUATO,36583,20.66573,-101.3372
398,IRAPUATO 19,CASIMIRO LICEAGA,326-B,ALVARO OBREGON,IRAPUATO,36530,20.67343,-101.3595
399,IRAPUATO 2,GUERRERO,615,CENTRO,IRAPUATO,36500,20.67769,-101.3496
400,IRAPUATO 3,GUANAJUATO,1314,SOLIDARIDAD,IRAPUATO,36570,20.65946,-101.3501
401,IRAPUATO 4,OAXACA,1710,MIGUEL HIDALGO,IRAPUATO,36550,20.67276,-101.3645
402,IRAPUATO 5,DIAZ ORDAZ,MZ4 LT1A4,INDEPENDENCIA,IRAPUATO,36559,20.676,-101.3418
403,ISLA 1,16 DE SEPTIEMBRE,S/N,CENTRO,ISLA,95640,18.02513,-95.5302
404,ISLA 2,ING. R. SANDOVAL NORTE,599,ISLA CENTRO,ISLA,95640,18.03085,-95.52974
405,ISLA 3,FLORES MAGON,S/N,ISLA CENTRO,ISLA,95640,18.03025,-95.52429
406,IXTAPALUCA 1,JOSE MA. MORELOS,MZ 8,LOS HEROES,IXTAPALUCA,56585,19.32496,-98.87498
407,IXTAPALUCA 2,LA COTERA,MZ 8 LT 10,SANTA BARBARA,IXTAPALUCA,56538,19.30062,-98.8964
408,IXTAPALUCA 6,CUAUHTEMOC,MZ 136,LOMA BONITA AMPLIACION,IXTAPALUCA,56563,19.31013,-98.91994
409,IXTAPALUCA 8,CUAUHTEMOC,5503,TLALPIZAHUAC CENTRO,IXTAPALUCA,56576,19.32733,-98.94692
410,IZAZAGA,JOSE MARIA IZAZAGA,75,CENTRO,CIUDAD DE MEXICO,06080,19.42619,-99.13769
411,IZTACALCO 2,SUR 16,227,AGRICOLA ORIENTAL,CIUDAD DE MEXICO,08500,19.39523,-99.07623
412,IZTACALCO 3,HOJA DE ARBOL,3,INFONAVIT IZTACALCO,CIUDAD DE MEXICO,08900,19.3836,-99.10693
413,IZTACALCO 4,CANAL DE TEZONTLE,159,JARDINES TECMA,CIUDAD DE MEXICO,08920,19.38851,-99.11565
414,IZTACALCO 5,CANAL DE TEZONTLE,860,AMPLICACION GABRIEL RAMOS MILLAN,CIUDAD DE MEXICO,08020,19.3846,-99.09431
415,IZTAPALAPA 1,OCTAVIO SENTIES,MZ 185,2DA. AMPLIACION DE SANTIAGO ACAHUALTEPEC,CIUDAD DE MEXICO,09609,19.34932,-99.01157
416,IZTAPALAPA 6,IGNACIO ZARAGOZA,2613,SANTA MARTHA ACATITLA SUR,CIUDAD DE MEXICO,09530,19.37315,-99.01753
417,IZTAPALAPA 9,CAMINO A LAS MINAS,L-1,XALPA,CIUDAD DE MEXICO,09640,19.34494,-99.01403
418,JALTIPAN 2,LEANDRO VALLE,219,JALTIPAN DE MORELOS CENTRO,JALTIPAN,96200,17.96487,-94.71848
419,JALTIPAN 3,LERDO DE TEJADA,707-A,CENTRO,JALTIPAN,96200,17.96219,-94.71722
420,JAMAICA,ESCUADRA,103,ARTES GRAFICAS,CIUDAD DE MEXICO,15830,19.40914,-99.12341
421,"JAMAPA 1, VER",VERACRUZ SUR,S/N,JAMAPA,JAMAPA,94260,19.03994,-96.24133
422,JAMAY 1,MORELOS,258,CENTRO,JAMAY,47900,20.29104,-102.7067
423,JARDIN BALBUENA,FRAY SERVANDO TERESA DE MIER,854,JARDIN BALBUENA,CIUDAD DE MEXICO,15900,19.4187,-99.10632
424,JARDIN BALBUENA 2,FRANCISCO DEL PASO Y TRONCOSO,14,JARDIN BALBUENA,CIUDAD DE MEXICO,15900,19.42633,-99.11112
425,"JIQUILPAN 2, MCH",PROFESOR FAJARDO SUR,10,JIQUILPAN DE JUAREZ CENTRO,JIQUILPAN,59510,19.99151,-102.7184
426,"JIQUILPAN, MCH",ARTEAGA,114,JIQUILPAN DE JUAREZ CENTRO,JIQUILPAN,59510,19.99021,-102.7194
427,JIQUIPILAS 1,CENTRAL,S/N,CENTRO,JIQUIPILAS,30430,16.66798,-93.65067
428,"JORGE NEGRETE, GUSTAVO A MADERO",JOSE ELIAS MORENO,S/N,JORGE NEGRETE,CIUDAD DE MEXICO,07280,19.52711,-99.14433
429,JOSE A COALLA (ABASTOS),6 SUR,540,CENTRAL DE ABASTO,MEXICO,09040,0.0,0.0
430,"JUAN GONZALEZ ROMERO, GUSTAVO A MADERO",ALCATRAZ,13,JUAN GONZALEZ ROMERO,CIUDAD DE MEXICO,07410,19.50697,-99.09018
431,JUAREZ NUEVO LEON,FCO. I. MADERO,102,HEROE DE NACOZARI,JUAREZ,67288,25.63703,-100.179
432,JUAREZ NUEVO LEON 2,LATERAL TEOFILO SALINAS,L154 M134,FRACCIONAMIENTO DE LA CIUDADELA SECTORREAL DE SAN JOSE 3ERA ETAPA,JUAREZ,67262,25.6501,-100.0844
433,JUAREZ NUEVO LEON 3,GAMMA,399,LOS COMETAS,JUAREZ,67280,25.61012,-100.1533
434,JUAREZ NUEVO LEON 4,ELOY CAVAZOS,L2,PORTAL DE VAQUERIAS,JUAREZ,67280,25.63795,-100.1475
435,"JUCHIQUE DE FERRER, VER",REFORMA,S/N,JUCHIQUE DE FERRER,JUCHIQUE DE FERRER,91440,19.84149,-96.69436
436,"LA MAGDALENA, EDO DE MEX.",ALTAMIRANO,20,LA MAGDALENA ATLICPAC,LOS REYES ACAQUILPAN (LA PAZ),56525,19.3675,-98.9488
437,LA RAZA,SERIS,14,LA RAZA,CIUDAD DE MEXICO,02990,19.46497,-99.14594
438,LA VIGA,DE LA VIGA,1852,MEXICALTZINGO,CIUDAD DE MEXICO,09099,19.35817,-99.12169
439,LA VILLA,CALVARIO,10,TEPEYAC INSURGENTES,CIUDAD DE MEXICO,07020,19.48547,-99.11932
440,"LAS VIGAS DE RAMIREZ, VER.",HIDALGO,17,BARRIO DE DOLORES,LAS VIGAS DE RAMIREZ,91330,19.63766,-97.09545
441,LEON 10,SATURNO,212,EL CORTIJO,LEON,37250,21.1358,-101.6622
442,LEON 11,TORRES LANDA,239,SAN MIGUEL,LEON,37530,21.10254,-101.6864
443,LEON 12,ADOLFO LOPEZ MATEOS,1807,MODERNA,LEON,37328,21.13584,-101.6874
444,LEON 13,JUAREZ,1302,GUADALUPE,LEON,37380,21.10937,-101.6888
445,LEON 14,JUAN TORRES LANDA,2004,SANTA CLARA,LEON,37470,21.10036,-101.6729
446,LEON 15,DIAZ MIRON,117,CENTRO,LEON,37000,21.11926,-101.6822
447,LEON 16,HIDALGO,1230,HIDALGO,LEON,37220,21.14538,-101.6725
448,LEON 17,MARIANO ESCOBEDO ORIENTE,4802,JARDINES DE JEREZ,LEON,37530,21.10359,-101.6399
449,LEON 18,FRANCISCO GONZALEZ BOCANEGRA,4203,AZTECAS,LEON,37520,21.10109,-101.6481
450,LEON 19,DOCTOR EMETERIO VALVERDE Y TELLEZ,214,INDUSTRIAL,LEON,37340,21.13255,-101.6924
451,LEON 20,MIGUEL ALEMAN,153,OBRERA,LEON,37340,21.12451,-101.6861
452,LEON 21,EMILIANO ZAPATA,104,CENTRO,LEON,37000,21.12151,-101.6809
453,LEON 22,SAN JUAN BOSCO,2807-A,EJIDO LA JOYA,LEON,37358,21.13516,-101.7222
454,LEON 23,JUAN JOSE TORRES LANDA,1611,EL TLACUACHE,LEON,37500,21.09802,-101.6593
455,LEON 24,CAMPOS DE ARROZ,126,BRISAS DEL CAMPO,LEON,37297,21.11193,-101.6158
456,LEON 25,VIRGEN DE SAN JUAN,408,FRACCIONAMIENTO CUMBRES DE LA GLORIA IV,LEON,37433,21.08919,-101.7626
457,LEON 4,TORRES LANDA,6102,JARDINES DE JEREZ,LEON,37530,21.09762,-101.6451
458,LEON 5,HILARIO MEDINA,2503,REAL PROVIDENCIA,LEON,37234,21.13318,-101.659
459,LEON 6,MARIANO ESCOBEDO,3202,KENNEDY,LEON,37410,21.1173,-101.7062
460,LEON 7,HILARIO MEDINA,14,COECILLO,LEON,37260,21.12035,-101.6625
461,LEON 8,CANDELARIA,1438,COECILLO,LEON,37260,21.12893,-101.6685
462,LEON 9,VICENTE VALTIERRA,2702,SAN FELIPE DE JESUS,LEON,37250,21.12979,-101.6535
463,LOMAS ESTRELLA,TLAHUAC,4546,GRANJAS ESTRELLA,CIUDAD DE MEXICO,09880,19.3219,-99.09287
464,LOPEZ,LOPEZ,163,CENTRO,CIUDAD DE MEXICO,06070,19.42758,-99.14305
465,LORENZO BOTURINI,SUR 107,1703,24 DE ABRIL,CIUDAD DE MEXICO,15980,19.41664,-99.11661
466,"LOS REYES 2, MCH",LAZARO CARDENAS,S/N,JARDIN,LOS REYES,60350,19.59448,-102.4764
467,"LOS REYES 3, MCH",16 DE SEPTIEMBRE,S/N,LOS REYES DE SALGADO CENTRO,LOS REYES,60300,19.5904,-102.4742
468,"LOS REYES 4, MCH",EMILIANO ZAPATA,108,CENTRO,LOS REYES,60300,19.58524,-102.4749
469,"LOS REYES 5, MCH",CLEMENTE DE JESUS MUNGUIA,39,CENTRO,LOS REYES DE SALGADO,60300,19.59359,-102.4718
470,"LOS REYES, MCH",IGNACIO ALLENDE,63 SUR,LOS REYES DE SALGADO CENTRO,LOS REYES,60300,19.58813,-102.4736
471,MANLIO FABIO ALTAMIRANO 1,URSULO GALVAN,S/N,MANLIO FABIO ALTAMIRANO,MANLIO FABIO ALTAMIRANO,94250,19.09702,-96.33482
472,MARIANO ESCOBEDO,MARIANO ESCOBEDO,164,ANAHUAC,CIUDAD DE MEXICO,11320,19.44521,-99.18269
473,MARIANO ESCOBEDO 2,GENERAL MARIANO ESCOBEDO,373,POLANCO V SECCION,CIUDAD DE MEXICO,11560,19.43581,-99.18309
474,MATEHUALA 1,BUSTAMANTE,116,CENTRO,MATEHUALA,78700,23.64544,-100.6451
475,MATEHUALA 2,MIGUEL HIDALGO,411,MATEHUALA CENTRO,MATEHUALA,78700,23.64752,-100.6437
476,MATEHUALA 3,HIDALGO,523,MATEHUALA CENTRO,MATEHUALA,78700,23.64546,-100.6431
477,MATEHUALA 4,HIDALGO,204-D NTE,MATEHUALA CENTRO,MATEHUALA,78700,23.65588,-100.6432
478,MATEHUALA 6,5 DE MAYO,1037-C,ALTAMIRA,MATEHUALA,78797,23.63793,-100.6404
479,MATEHUALA 7,BUSTAMANTE,816,LAS HADAS,MATEHUALA,78783,23.64713,-100.656
480,MATEHUALA 8,REFORMA,1212-A,RIVAS GUILLEN,MATEHUALA,78780,23.64136,-100.6498
481,MATEHUALA 9,LAS AMERICAS,300-A,ARBOLEDAS,MATEHUALA,78760,23.65903,-100.6375
482,MATLAPA 1,CUAUHTEMOC,8,CENTRO,MATLAPA,79970,21.33879,-98.82873
483,MERCED,ZAVALA,4,CENTRO,CIUDAD DE MEXICO,15100,19.42908,-99.12498
484,MERCED 2,FRAY SERVANDO TERESA DE MIER,425,MERCED BALBUENA,CIUDAD DE MEXICO,15810,19.42246,-99.12363
485,MINATITLAN 1,MIGUEL HIDALGO,115,CENTRO,MINATITLAN,96700,17.98577,-94.54503
486,MINATITLAN 10,18 DE OCTUBRE,110,BOHEMIA,MINATITLAN,96736,17.99124,-94.55815
487,MINATITLAN 11,MINATITLAN,4,NUEVA TACOTENO,MINATITLAN,96735,17.99363,-94.54668
488,MINATITLAN 2,VENUSTIANO CARRANZA,9,PLAYON SUR,MINATITLAN,96757,17.98003,-94.54378
489,MINATITLAN 3,18 DE OCTUBRE,71,SANTA CLARA,MINATITLAN,96730,17.99236,-94.55246
490,MINATITLAN 4,JUSTO SIERRA,76,PALMAR,MINATITLAN,96790,17.9877,-94.55197
491,MINATITLAN 5,REYES AZTECAS,109,EJIDO TACOTENO,MINATITLAN,96870,18.00149,-94.52882
492,MINATITLAN 6,INSTITUTO TECNOLOGICO,10,7 DE MAYO,MINATITLAN,96344,18.00881,-94.55124
493,MINATITLAN 7,LERDO DE TEJADA,41,MINATITLAN CENTRO,MINATITLAN,96700,17.98432,-94.54523
494,MINATITLAN 8,MANUEL AVILA CAMACHO,12,OBRERA,MINATITLAN,96740,17.99208,-94.53201
495,MINATITLAN 9,ATENAS,LOTE 9MANZANA 5,MIGUEL HIDALGO,MINATITLAN,96770,17.9814,-94.56896
496,MINI BODEGA ALVARO OBREGON,ESPIGONES,77,LAS AGUILAS,CIUDAD DE MEXICO,01710,19.35951,-99.20299
497,MINI BODEGA BENITO JUAREZ,DIVISION DEL NORTE,997,DEL VALLE CENTRO,CIUDAD DE MEXICO,03100,19.38474,-99.16101
498,MINI BODEGA COYOACAN,LAS FLORES,LOCAL C 1,PUEBLO DE LOS REYES,CIUDAD DE MEXICO,04330,19.33541,-99.15437
499,MINI BODEGA CUAUHTEMOC,SONORA,210,HIPODROMO,CIUDAD DE MEXICO,06100,19.41287,-99.16665
500,MINI BODEGA HUIXQUILUCAN,JOSE FRANCISCO,L.T. 26,SAN FERNANDO,HUIXQUILUCAN DE DEGOLLADO,52765,19.38621,-99.2813
501,MINI BODEGA IZTAPALAPA,DIETISTA,16,NUEVA ROSITA,CIUDAD DE MEXICO,09420,19.3774,-99.10816
502,MINI BODEGA MEXIQUENSE,MEXIQUENSE,6,EXHACIENDA LOS PORTALES,TULTITLAN DE MARIANO ESCOBEDO,54910,19.64074,-99.14269
503,MINI BODEGA MIGUEL HIDALGO,GOLFO DE GABES,15,TACUBA,CIUDAD DE MEXICO,11410,19.45579,-99.18788
504,MINI BODEGA NAUCALPAN,CIRCUNVALACION,295,HACIENDA DE ECHEGARAY,NAUCALPAN DE JUAREZ,53300,19.49693,-99.22665
505,MINI BODEGA NEZAHUALCOYOTL,MONEDA,1,METROPOLITANA 1A SECC,NEZAHUALCOYOTL,57730,19.39174,-99.03795
506,MIRAMONTES 1,ESTRELLA CEFEIDA,20,PRADOS DE COYOACAN,CIUDAD DE MEXICO,04810,19.32007,-99.13232
507,MIRAMONTES 2,CANAL DE MIRAMONTES,3211,RESIDENCIAL ACOXPA,CIUDAD DE MEXICO,14300,19.29889,-99.12528
508,MISANTLA 1,COMONFORT,114,CENTRO,MISANTLA,93820,19.92723,-96.8547
509,MISANTLA 2,5 DE MAYO,S/N,MISANTLA,MISANTLA,93820,19.92942,-96.853
510,MISANTLA 3,ALFONSO ARROYO,S/N,CENTRO,MISANTLA,93820,19.93271,-96.85043
511,MOCTEZUMA 1,ORIENTE 148,82,MOCTEZUMA,CIUDAD DE MEXICO,15530,19.42932,-99.10371
512,MOCTEZUMA 2,ORIENTE 164,237,MOCTEZUMA 2A SECCION,CIUDAD DE MEXICO,15530,19.43242,-99.09657
513,MOCTEZUMA 3,EMILIO CARRANZA,44,MOCTEZUMA 1A SECCION,CIUDAD DE MEXICO,15500,19.42827,-99.1078
514,MODERNA,PAMPAS,212,MODERNA,CIUDAD DE MEXICO,03510,19.39128,-99.13255
515,MONTERREY 11,SOLIDARIDAD,6636,FOMERREY 51,MONTERREY,64109,25.75741,-100.3887
516,MONTERREY 12,EUGENIO GARZA SADA,805,CONTRY,MONTERREY,64860,25.63717,-100.283
517,MONTERREY 13,MADERO,3538,MITRAS SUR,MONTERREY,64020,25.68788,-100.3511
518,MONTERREY 18,BOSQUES DE CHAPULTEPEC,101,BOSQUES DEL VALLE,MONTERREY,66250,25.65177,-100.3773
519,MONTERREY 2,JUAREZ NORTE,311,CENTRO,MONTERREY,64000,25.67788,-100.3141
520,MONTERREY 21,ADOLFO RUIZ CORTINES PTE.,2100,FRACCIONAMIENTO INDUSTRIAL,MONTERREY,64299,25.70491,-100.3333
521,MONTERREY 24,CARACOL,3804,JARDIN DE LAS TORRES,MONTERREY,64754,25.63885,-100.3076
522,MONTERREY 25,RUIZ CORTINEZ,3318 Y3318A,MODERNA,MONTERREY,64530,25.70345,-100.2803
523,MONTERREY 26,TIXTLA,201,VICENTE GUERRERO,GUADALUPE,67160,25.68859,-100.2299
524,MONTERREY 27,SANTO DOMINGO,1800,VILLAS DE SANTO DOMINGO,MONTERREY,66437,25.75076,-100.2571
525,MONTERREY 32,TAURO,109,NUEVA LINDAVISTA,MONTERREY,67110,25.70373,-100.2314
526,MONTERREY 33,ANTIGUOS EJIDATARIOS,MZ 6,TRAZO MARCO,MONTERREY,64103,25.78375,-100.4071
527,MONTERREY 34,ALMAZAN,674,LOMAS DE ANAHUAC,MONTERREY,64260,25.73731,-100.3207
528,MONTERREY 37,VENUSTIANO CARRANZA SUR,535,MONTERREY CENTRO,MONTERREY,64000,25.67347,-100.3326
529,MONTERREY 38,ELOY CAVAZOS,3902,EL PEÑON,MONTERREY,67182,25.65734,-100.2219
530,MONTERREY 39,COLON PTE.,956,MONTERREY CENTRO,MONTERREY,64000,25.68644,-100.3209
531,MONTERREY 4,RIO PILON,513,PUEBLO NUEVO 1,MONTERREY,66646,25.76003,-100.1656
532,MONTERREY 41,A REYNOSA,426,CIUDAD GUADALUPE CENTRO,MONTERREY,67100,25.67955,-100.2541
533,MONTERREY 5,RODRIGO GOMEZ,1812,VALLE MORELOS,MONTERREY,64180,25.72149,-100.3426
534,MONTERREY 53,MORELOS,402,CENTRO,MONTERREY,66350,25.67359,-100.4653
535,MONTERREY 54,CHAPULTEPEC,1806,BUENOS AIRES,MONTERREY,64800,25.66703,-100.2819
536,MONTERREY 59,CASA BLANCA,"330-1,330-2",MISION DE CASA BLANCA,MONTERREY,66478,25.73214,-100.2339
537,MONTERREY 65,ELOY CAVAZOS,7101,SANTA MARIA,MONTERREY,67198,25.65161,-100.1969
538,MONTERREY 66,SAN NICOLAS,105,CUAUHTEMOC,MONTERREY,66450,25.7337,-100.2915
539,MONTERREY 68,SOL NACIENTE,118,COLONIA BARRIO PUERTA DEL SOL,MONTERREY,64102,25.78299,-100.3803
540,MONTERREY 7,DIEGO DIAZ DE BERLANGA,1198,PASEO DE LOS ANDES,MONTERREY,66444,25.73719,-100.2683
541,MONTERREY 70,NEMESIO GARCIA NARANJO,701,ADOLFO PRIETO,MONTERREY,67120,25.70336,-100.255
542,MONTERREY 71,ALFA,101,FRACCIONAMIENTO VALLE SOL,SAN NICOLAS DE LOS GARZA,66418,25.76688,-100.2795
543,MONTERREY 72,PROFESOR HUMBERTO RAMOS LOZANO,894-C,RINCONADA COLONIAL,MONTERREY,66606,25.79691,-100.2019
544,MONTERREY 73,A REYNOSA,1929,CRISPIN TREVIÑO,MONTERREY,67190,25.6691,-100.1791
545,MONTERREY 77,PIONEROS DEL ROCHDALE,199,COOPERATIVA LA UNION,SANTA CATARINA,66129,25.68888,-100.4541
546,MONTERREY 78,LAS TORRES,976 A Y976 B,PEDREGAL DE ESCOBEDO,GENERAL MARIANO ESCOBEDO,66061,25.80783,-100.3583
547,MONTERREY 79,RUIZ CORTINES,1402,BELLO AMANECER RESIDENCIAL,MONTERREY,67132,25.70015,-100.1343
548,MONTERREY 84,PUERTA DE HIERRO,516,FRACCIONAMIENTO PUERTA DE HIERRO,MONTERREY,64349,25.74652,-100.4191
549,MONTERREY 85,CAMBRIDGE,400,PEDREGAL DE LINDAVISTA,GUADALUPE,67112,25.71376,-100.2042
550,MONTERREY 86,AFGANISTAN 103,L 26,PRADOS DE LA CIENEGUITA,APODACA,66636,25.77883,-100.2555
551,MONTERREY 87,RUIZ CORTINEZ,2503,SAN JORGE,MONTERREY,64330,25.71913,-100.3652
552,MONTERREY 88,MANUEL GOMEZ MORIN,321,VALLE DE SANTA ENGRACIA,SAN PEDRO GARZA GARCIA,66268,25.65546,-100.3569
553,MONTERREY 9,MEXICO,163,LOMAS DE SAN MIGUEL,MONTERREY,67113,25.72301,-100.1908
554,MONTERREY 90,RODHESIA,436,LOMAS DEL PEDREGAL,APODACA,66648,25.73036,-100.1644
555,"MORELIA 108, MCH",PASEO DE LA REPUBLICA,5441,TABIQUEROS,MORELIA,58195,19.69308,-101.2405
556,"MORELIA 15, MCH",TRATADO LIBRE COMERCIO (FELIX IRETA),81,SOLIDARIDAD,MORELIA,58116,19.72997,-101.2062
557,"MORELIA 16, MCH",FRANCISCO I MADERO PTE,8278,SAN PASCUAL,MORELIA,58337,19.69552,-101.2671
558,"MORELIA 17, MCH",MANANTIAL MINTZITA,306,LOS MANANTIALES DE MORELIA,MORELIA,58188,19.69906,-101.2377
559,MORELIA 9,SAN JUANITO ITZICUARO,2600,SAN JUANITO ITZICUARO,MORELIA,58341,0.0,0.0
560,MOTOZINTLA 1,INTERNACIONAL MOTOZINTLA-HUIXTLA,S/N,BELISARIO DOMINGUEZ,MOTOZINTLA,30910,15.30098,-92.38316
561,NANCHITAL,BENITO JUAREZ,4,CENTRO,NANCHITAL DE LAZARO CARDENAS DELRIO,96360,18.07265,-94.41099
562,NANCHITAL 2,BENITO JUAREZ,41,1° (PRIMERO) DE MAYO,NANCHITAL DE LAZARO CARDENAS DELRIO,96360,18.07011,-94.41078
563,NANCHITAL 3,LAZARO CARDENAS,37,BENITO JUAREZ,NANCHITAL DE LAZARO CARDENAS DEL RIO,96360,18.07021,-94.40659
564,NAPOLES,PENNSYLVANIA,116,NAPOLES,CIUDAD DE MEXICO,03800,19.39085,-99.17857
565,NARVARTE 1,EUGENIA,1305,NARVARTE PONIENTE,CIUDAD DE MEXICO,03020,19.38519,-99.15801
566,NARVARTE 2,DR. JOSE MARIA VERTIZ,1008,VERTIZ NARVARTE,CIUDAD DE MEXICO,03600,19.3846,-99.1522
567,NARVARTE 4,DR. VERTIZ,523,PIEDAD NARVARTE,CIUDAD DE MEXICO,03000,19.40236,-99.1505
568,NAUCALPAN 1,ESTACAS NORTE,16,NAUCALPAN DE JUAREZ,NAUCALPAN,53500,19.47391,-99.23554
569,NAUCALPAN 2,DE LA NARANJA,36,AHUIZOTLA,NAUCALPAN,53378,19.47263,-99.21234
570,NAUCALPAN 3,DE LOS MAESTROS,183,SAN ANTONIO ZOMEYUCAN,NAUCALPAN,53750,19.44957,-99.24741
571,NAUCALPAN 9,DE LOS PINOS,MANZANA 49,MINAS COYOTE,NAUCALPAN DE JUAREZ,53694,19.43658,-99.28908
572,NAUTLA 1,ZAMORA,02,NAUTLA,NAUTLA,93800,20.20578,-96.77148
573,NEZAHUALCOYOTL 4,CHIMALHUACAN,460,BENITO JUAREZ,NEZAHUALCOYOTL,57000,19.40077,-99.00384
574,NEZAHUALCOYOTL 5,TEXCOCO,268,METROPOLITANA,NEZAHUALCOYOTL,57730,19.39163,-99.03777
575,NEZAHUALCOYOTL 6,CUAUHTEMOC,90,LAS MARAVILLAS,NEZAHUALCOYOTL,57410,19.41852,-99.05052
576,NEZAHUALCOYOTL 7,PANTITLAN,707,PERLA REFORMA,NEZAHUALCOYOTL,57848,19.37954,-98.98644
577,"NICOLAS ROMERO 1, EDO MEX.",PRINCIPAL JAIME NUNO,S/N,SAN IDELFONSO,VILLA NICOLAS ROMERO,54470,19.61666,-99.29964
578,"NICOLAS ROMERO 2, EDO MEX",LOPEZ MATEOS,S/N,VICENTE GUERRERO,VILLA NICOLAS ROMERO,54425,19.6127,-99.31824
579,NIÑOS HEROES (USI),GARCIA DIEGO,153,DOCTORES,CIUDAD DE MEXICO,06720,19.41691,-99.15084
580,NIÑOS HEROES 2,NIÑOS HEROES,168,DOCTORES,CIUDAD DE MEXICO,06720,19.41933,-99.14986
581,NUEVA ATZACOALCO,313,707,NUEVA ATZACOALCO,CIUDAD DE MEXICO,07420,19.50129,-99.08519
582,NUEVA ATZACOALCO 2,CALLE 309,463,NUEVA ATZACOALCO,CIUDAD DE MEXICO,07420,19.49684,-99.08787
583,OBSERVATORIO,OBSERVATORIO,485,LAS PALMAS OBSERVATORIO,CIUDAD DE MEXICO,01110,19.40021,-99.21101
584,OCOTLAN 1,FRANCISCO I. MADERO,63,CENTRO,OCOTLAN,47800,20.34709,-102.7735
585,OCOTLAN 2,LEANDRO VALLE,401,OCOTLAN CENTRO,OCOTLAN,47800,20.3513,-102.7723
586,OCOTLAN 4,HIDALGO,299,OCOTLAN CENTRO,OCOTLAN,47800,20.35043,-102.7738
587,OCOTLAN 5,DE LOS MAESTROS,960-A,FRACCIONAMIENTO VALLE DE LA CONCEPCION,OCOTLAN,47860,20.3516,-102.7626
588,OCOTLAN 6,DR. J JESUS DELGADILLO ARAUJO,247,CAMINO REAL,OCOTLAN,47849,20.35912,-102.7787
589,OCOZOCOAUTLA,PRIMERA AVENIDA SUR ORIENTE,17,CENTRO,OCOZOCOAUTLA DE ESPINOSA,29140,16.76145,-93.37325
590,OCOZOCOAUTLA 2,1A. PONIENTE,143,CENTRO,OCOZOCOAUTLA DE ESPINOSA,29140,16.7619,-93.37598
591,OCOZOCOAUTLA 3,CENTRAL,S/N,BARRIO UNION HIDALGO,OCOZOCOAUTLA DE ESPINOSA,29140,16.75147,-93.37249
592,OCOZOCOAUTLA 4,2A CALLE PONIENTE,619,SAN ANTONIO,OCOZOCOAUTLA DE ESPINOSA,29140,16.75737,-93.3752
593,OLUTA 1,MORELOS,503 Y 503A,CENTRO,OLUTLA,96160,17.92891,-94.89677
594,OLUTA 2,OLUTA-ACAYUCAN,110,JUAN BLANCO,OLUTA,96160,17.93961,-94.91137
595,ORIZABA 1,ORIENTE 6,27-B,CENTRO,ORIZABA,94300,18.84578,-97.10408
596,ORIZABA 10,5,115-A,RAFAEL ALVARADO FDZ,ORIZABA,94340,18.86125,-97.07745
597,ORIZABA 11,2,150-B,AGRICOLA LIBRADO RIVERA,ORIZABA,94380,18.83828,-97.09943
598,ORIZABA 12,VICENTE GUERRERO,243-A,BARRIO NUEVO,ORIZABA,94340,18.85095,-97.07925
599,ORIZABA 13,CENSOS,S/N,EL ESPINAL,ORIZABA,94330,18.86826,-97.10113
600,ORIZABA 2,NORTE 2,277,CENTRO,ORIZABA,94300,18.85084,-97.10511
601,ORIZABA 3,MADERO NORTE,351,CENTRO,ORIZABA,94300,18.85149,-97.10628
602,ORIZABA 4,AVENIDA ORIENTE 9,691,EMILIANO ZAPATA SUR,ORIZABA,94320,18.85393,-97.1002
603,ORIZABA 5,ORIENTE 6,1382,CENTRO,ORIZABA,94300,18.84874,-97.09203
604,ORIZABA 6,ORIENTE 31,422,ABELARDO L RODRIGUEZ,ORIZABA,94310,18.86355,-97.10703
605,ORIZABA 8,NORTE 3,23-A,CENTRO,ORIZABA,94300,18.84839,-97.10628
606,OZULUAMA,MORELOS,S/N,CENTRO,OZULUAMA DE MASCAREÑAS,92080,21.66225,-97.85075
607,PALENQUE 1,BENITO JUAREZ,185,PALENQUE CENTRO,PALENQUE,29960,17.50904,-91.98492
608,PALENQUE 3,BENITO JUAREZ,S/N,PALENQUE CENTRO,PALENQUE,29960,17.50909,-91.98203
609,PALENQUE 4,DOCTOR MANUEL VELASCO SUAREZ,S/N,LA ESPERANZA,PALENQUE,29960,17.51167,-91.98716
610,PALENQUE 5,JUAREZ,S/N,PALENQUE CENTRO,PALENQUE,29960,17.50806,-91.98654
611,PALENQUE 6,5 DE MAYO,S/N,CENTRO,PALENQUE,29960,17.50863,-91.97871
612,PARQUE LIRA,PARQUE LIRA,28,DANIEL GARZA,CIUDAD DE MEXICO,11830,19.41058,-99.19106
613,"PATZCUARO 1, MCH",RAMOS,19,PATZCUARO CENTRO,PATZCUARO,61600,19.51621,-101.6109
614,"PATZCUARO 2, MCH",IGNACIO ZARAGOZA,2540,JUVENTINO ROSAS,PATZCUARO,61605,19.50799,-101.6137
615,"PATZCUARO 3, MCH",CODALLOS,12,PATZCUARO CENTRO,PATZCUARO,61600,19.51521,-101.6114
616,"PATZCUARO 5, MCH",GUILLERMO PEREZ VARGAS,S/N,LAZARO CARDENAS,PATZCUARO,61604,19.49892,-101.6039
617,"PATZCUARO 6, MCH",PADRE LLOREDA,32,PATZCUARO CENTRO,PATZCUARO,61600,19.51612,-101.6073
618,"PATZCUARO 7, MCH",ALVARO OBREGON,5,PATZCUARO CENTRO,PATZCUARO,61600,19.51702,-101.6089
619,PEDREGAL,ADOLFO RUIZ CORTINES,4020,JARDINES DEL PEDREGAL,CIUDAD DE MEXICO,01900,19.30823,-99.21348
620,PENSADOR MEXICANO 1,NORTE 172,540,PENSADOR MEXICANO,CIUDAD DE MEXICO,15510,19.44464,-99.08701
621,"PERIBAN, MCH",CUAUHTEMOC,1,PERIBAN DE RAMOS,PERIBAN,60440,19.51973,-102.4155
622,PICK UP,ALEMANIA,10,INDEPENDENCIA,CIUDAD DE MEXICO,03630,0.0,0.0
623,PIJIJIAPAN 2,CENTRAL NORTE,S/N,PIJIJIAPAN CENTRO,PIJIJIAPAN,30540,15.68771,-93.20753
624,PIJIJIAPAN 3,1A. AVENIDA NORTE PONIENTE,S/N,CENTRO,PIJIJIAPAN,30540,15.68709,-93.20901
625,PINO SUAREZ,JOSE MARIA PINO SUAREZ,83,CENTRO,CIUDAD DE MEXICO,06090,19.4252,-99.13327
626,PLAZA GALERIAS,MELCHOR OCAMPO,193,VERONICA ANZURES,CIUDAD DE MEXICO,11300,19.43565,-99.17082
627,POLANCO 1,MOLIERE EDIFICIO B,340,LOS MORALES,CIUDAD DE MEXICO,11510,19.43728,-99.20126
628,POLANCO 2,EMERSON,304,CHAPULTEPEC MORALES,CIUDAD DE MEXICO,11570,19.43331,-99.18873
629,POLANCO 3,SCHILLER,152,POLANCO V SECCION,CIUDAD DE MEXICO,11560,19.43585,-99.18597
630,POLANCO 4,ARQUIMEDES,182,POLANCO,CIUDAD DE MEXICO,11550,19.43574,-99.19083
631,PRENSA NACIONAL,EL NACIONAL,792,PRENSA NACIONAL,TLALNEPANTLA DE BAZ,54170,19.51114,-99.17125
632,PROGRESO NACIONAL 1,PROGRESO NACIONAL,262,PROGRESO NACIONAL,CIUDAD DE MEXICO,07600,19.52112,-99.16242
633,PROGRESO NACIONAL 2,12,123,PROGRESO NACIONAL,CIUDAD DE MEXICO,07600,19.5208,-99.15903
634,PROGRESO TIZAPAN,MEXICO,35,PROGRESO,CIUDAD DE MEXICO,01080,19.34018,-99.20087
635,PROVIDENCIA 2,CONSTITUCION DE LA REPUBLICA,140,PROVIDENCIA,CIUDAD DE MEXICO,07550,19.48056,-99.06606
636,PROVIDENCIA 3,CONSTITUCION DE LA REPUBLICA,117,PROVIDENCIA,CIUDAD DE MEXICO,07550,19.48145,-99.0713
637,PROVIDENCIA 4,ESTADO DE TAMAULIPAS,LT 1 MZ 58,PROVIDENCIA,CIUDAD DE MEXICO,07550,19.48372,-99.07116
638,PUEBLA 1,10 ORIENTE,4,CENTRO B,PUEBLA,72000,19.04813,-98.19608
639,PUEBLA 11,36 PONIENTE,2701,NUEVA AURORA POPULAR,PUEBLA,72070,19.07009,-98.20828
640,PUEBLA 12,16 DE SEPTIEMBRE,1302,EL MIRADOR,PUEBLA,72530,19.0397,-98.20135
641,PUEBLA 13,15 DE MAYO,3515,VILLA SAN ALEJANDRO,PUEBLA,72090,19.06717,-98.2172
642,PUEBLA 15,5 NORTE,9406,REVOLUCION MEXICANA,PUEBLA,72200,19.08121,-98.18109
643,PUEBLA 16,12 PONIENTE,115,CENTRO,PUEBLA,72000,19.04968,-98.1972
644,PUEBLA 17,6 ORIENTE,16 - B,CENTRO,PUEBLA,72000,19.04612,-98.19604
645,PUEBLA 18,REFORMA,3714,AQUILES SERDAN,PUEBLA,72140,19.05956,-98.22498
646,PUEBLA 19,16 DE SEPTIEMBRE,5-A,MIGUEL HIDALGO,PUEBLA,72314,19.06978,-98.13559
647,PUEBLA 2,25 PONIENTE,1101,LOS VOLCANES,PUEBLA,72410,19.03902,-98.2117
648,PUEBLA 20,JUAN PABLO II,1404,JARDINES DE SAN MANUEL,PUEBLA,72570,19.01701,-98.20092
649,PUEBLA 22,ZAVALETA,4306,SANTA CRUZ BUENAVISTA,PUEBLA,72150,19.04607,-98.24925
650,PUEBLA 24,C. REFORMA,534,CENTRO A,PUEBLA,72000,19.04658,-98.20266
651,PUEBLA 25,41 ORIENTE,2402,ALSESECA,PUEBLA,72543,19.01976,-98.19188
652,PUEBLA 26,DEMOCRITO,1402,UNIDAD SATELITE MAGISTERIAL,PUEBLA,72320,19.04389,-98.15813
653,PUEBLA 28,NORTE,3666,LAS CUARTILLAS,PUEBLA,72050,19.07132,-98.20609
654,PUEBLA 29,3 SUR,2707,CHULA VISTA,PUEBLA,72420,19.03477,-98.20645
655,PUEBLA 3,DIAGONAL DEFENSORES DE LA REPUBLICA,659,ADOLFO LOPEZ MATEOS,PUEBLA,72080,19.06521,-98.19064
656,PUEBLA 30,7 NORTE,6206,GUADALUPE VICTORIA NORTE,PUEBLA,72230,19.07012,-98.18948
657,PUEBLA 31,PROLONGACION DE LA 14 SUR,11925,EXHACIENDA CHAPULCO,PUEBLA,72584,18.96646,-98.21884
658,PUEBLA 33,VALSEQUILLO,106,SAN FRANCISCO TOTIMEHUACAN 59,PUEBLA,72595,18.97179,-98.1917
659,PUEBLA 34,5 ORIENTE,611,CENTRO A,PUEBLA,72000,19.04024,-98.19514
660,PUEBLA 35,SAN FELIPE,2,REAL DEL MONTE,PUEBLA,72060,19.06365,-98.22144
661,PUEBLA 36,11 PONIENTE,1711 A,BARRIO DE SANTIAGO,PUEBLA,72410,19.04731,-98.2141
662,PUEBLA 37,2 ORIENTE,202,CENTRO A,PUEBLA,72000,19.04434,-98.1964
663,PUEBLA 4,JUAREZ,2713,LA PAZ,PUEBLA,72160,19.05254,-98.22048
664,PUEBLA 5,RIO PAPAGAYO,5302,LA HACIENDA,PUEBLA,72570,19.0135,-98.19298
665,PUEBLA 6,CORREGIDORA,102,LOS PINOS,PUEBLA,72240,19.06756,-98.17728
666,PUEBLA 7,16 NORTE,211,CENTRO,PUEBLA,72000,19.04072,-98.18816
667,PUEBLA 8,16 DE SEPTIEMBRE,6339,VISTA HERMOSA,PUEBLA,72270,19.00641,-98.21992
668,PUEBLO VIEJO,AURORA ALEXANDRE,S/N,ANAHUAC,PUEBLO VIEJO,92035,22.2059,-97.8532
669,PUEBLO VIEJO 2,INSURGENTES,S/N,CALIFORNIA,PUEBLO VIEJO,92030,22.20557,-97.84406
670,PUERTO VALLARTA 10,FRANCIA,100,VERSALLES,PUERTO VALLARTA,48310,20.6334,-105.2295
671,PUERTO VALLARTA 11,16 DE SEPTIEMBRE,663,COAPINOLE (EL MANGAL),PUERTO VALLARTA,48290,20.6557,-105.2089
672,PUERTO VALLARTA 12,A LAS PALMAS,1347,LOS TAMARINDOS,PUERTO VALLARTA,48280,20.7147,-105.2178
673,PUERTO VALLARTA 13,FIDEL VELAZQUEZ,532,INFONAVIT CTM,PUERTO VALLARTA,48318,20.64388,-105.2148
674,PUERTO VALLARTA 15,PERU,1140,5 DE DICIEMBRE,PUERTO VALLARTA,48350,20.61702,-105.2309
675,PUERTO VALLARTA 16,REVOLUCION,482,DE LAS JUNTAS DELEGACION,PUERTO VALLARTA,48291,20.6969,-105.2429
676,PUERTO VALLARTA 18,OCEANO PACIFICO,152,EL PALMAR DE ARAMARA,PUERTO VALLARTA,48314,20.65427,-105.2357
677,PUERTO VALLARTA 19,EXIQUIO CORONA,"588, 588 A",LA FLORESTA,PUERTO VALLARTA,48290,20.66114,-105.2181
678,PUERTO VALLARTA 2,J. JOSE GONZALEZ GALLO,75,VIDA VALLARTA,PUERTO VALLARTA,48318,20.64685,-105.2199
679,PUERTO VALLARTA 20,MEXICO,245-B,LAS MOJONERAS,PUERTO VALLARTA,48290,20.68472,-105.2264
680,PUERTO VALLARTA 21,VICTOR ITURBE,970,SAN MIGUEL,PUERTO VALLARTA,48290,20.66342,-105.1968
681,PUERTO VALLARTA 22,VICENTE GUERRERO,1028,VILLAS DEL REAL,PUERTO VALLARTA,48290,20.66975,-105.2106
682,PUERTO VALLARTA 3,INDEPENDENCIA,232,LOS TAMARINDOS,PUERTO VALLARTA,48280,20.71683,-105.2112
683,PUERTO VALLARTA 4,INSURGENTES,194,EMILIANO ZAPATA,PUERTO VALLARTA,48380,20.60456,-105.2342
684,PUERTO VALLARTA 5,20 NOVIEMBRE,218,PITILLAL CENTRO,PUERTO VALLARTA,48290,20.65274,-105.2181
685,PUERTO VALLARTA 6,BENITO JUAREZ,847,PUERTO VALLARTA CENTRO,PUERTO VALLARTA,48300,20.61312,-105.2321
686,PUERTO VALLARTA 7,FRANCISCO MEDINA ASCENCIO,S/N,LAS GLORIAS,PUERTO VALLARTA,48333,20.63454,-105.2308
687,PUERTO VALLARTA 8,FRANCISCO VILLA,649,VERSALLES,PUERTO VALLARTA,48310,20.63211,-105.2262
688,PUERTO VALLARTA 9,INDEPENDENCIA,250,PITILLAL CENTRO,PUERTO VALLARTA,48290,20.6517,-105.2176
689,"PUREPERO, MCH",PORTAL MORELOS,15,PUREPERO DE ECHAIZ,PUREPERO,58760,19.91035,-102.0077
690,REVOLUCION 1,REVOLUCION,993,MIXCOAC,CIUDAD DE MEXICO,03910,19.37065,-99.18843
691,REVOLUCION 2,REVOLUCION,1757,SAN ANGEL,CIUDAD DE MEXICO,01000,19.34435,-99.19032
692,REVOLUCION 3,REVOLUCION,1065,MIXCOAC,CIUDAD DE MEXICO,03910,19.36803,-99.18866
693,RIO BLANCO 1,MEXICO,33,CENTRO,ORIZABA,94730,18.83274,-97.15522
694,RIO BLANCO 2,NACIONAL,587,ALVARO OBREGON,ORIZABA,94732,18.83931,-97.12024
695,RIO BLANCO 3,NORTE 26,1,HOSPITALITO,ORIZABA,94732,18.83736,-97.14416
696,RIO DE LA LOZA,DR. RIO DE LA LOZA,152,DOCTORES,CIUDAD DE MEXICO,06720,19.42526,-99.14843
697,RIO VERDE 1,DR. GABRIEL MARTINEZ,7,CENTRO,RIOVERDE,79610,21.93185,-99.99381
698,RIO VERDE 2,MORELOS,23,RIO VERDE CENTRO,RIOVERDE,79610,21.92997,-99.99251
699,RIO VERDE 3,PLAZA FUNDADORES,J Y K,CENTRO,RIOVERDE,79610,21.93096,-99.99184
700,RIO VERDE 4,CENTENARIO,123,RIOVERDE CENTRO,RIOVERDE,79610,21.93431,-99.99553
701,ROBLES DOMINGUEZ,ALFREDO ROBLES DOMINGUEZ,180 LC,VALLEJO,CIUDAD DE MEXICO,07870,19.46981,-99.13181
702,ROMA 2,QUERETARO,48,ROMA NORTE,CIUDAD DE MEXICO,06700,19.41543,-99.15639
703,ROMA 5,COAHUILA,157,ROMA NORTE,CIUDAD DE MEXICO,06700,19.4113,-99.16324
704,ROMA 6,CAMPECHE,88,ROMA SUR,CIUDAD DE MEXICO,06760,19.41016,-99.16264
705,ROMERO DE TERREROS,ROMERO DE TERREROS,615,DEL VALLE,CIUDAD DE MEXICO,03100,19.39483,-99.16626
706,SAN CRISTOBAL DE LAS CASAS 1,REPUBLICA DOMINICANA,14,BARRIO DE MEXICANOS,SAN CRISTOBAL DE LAS CASAS,29240,16.74324,-92.63744
707,SAN CRISTOBAL DE LAS CASAS 2,MIGUEL HIDALGO,2,CENTRO,SAN CRISTOBAL DE LAS CASAS,29200,16.73662,-92.63814
708,SAN CRISTOBAL DE LAS CASAS 4,EDGAR ROBLEDO SANTIAGO,2,MAGISTERIAL,SAN CRISTOBAL DE LAS CASAS,29223,16.74472,-92.63506
709,SAN CRISTOBAL DE LAS CASAS 5,20 DE NOVIEMBRE,22,BARRIO DE MEXICANOS,SAN CRISTOBAL DE LAS CASAS,29240,16.74028,-92.63802
710,SAN CRISTOBAL DE LAS CASAS 6,INSURGENTES,77-A,SANTA LUCIA,SAN CRISTOBAL DE LAS CASAS,29250,16.73051,-92.63711
711,SAN CRISTOBAL DE LAS CASAS 7,DIAGONAL RAMON LARRAINZAR,148,BARRIO SAN RAMON,SAN CRISTOBAL DE LAS CASAS,29240,16.74367,-92.6572
712,SAN FRANCISCO PUJILTIC,PRINCIPAL,S/N,SAN FRANCISCO PUJILTIC,VENUSTIANO CARRANZA,30310,16.27823,-92.45058
713,SAN JUAN IXHUATEPEC,RIO DE LOS REMEDIOS,57,SAN JUAN IXHUATEPEC,TLALNEPANTLA DE BAZ,54180,19.51921,-99.10861
714,SAN LUIS POTOSI 1,REFORMA,755,CENTRO,SAN LUIS POTOSI,78000,22.15663,-100.9791
715,SAN LUIS POTOSI 10,VENUSTIANO CARRANZA,1595,LOS ALAMOS,SAN LUIS POTOSI,78174,22.14952,-100.9991
716,SAN LUIS POTOSI 11,FRANCISCO CARRERA TORRES,278,EL SAUCITO,SAN LUIS POTOSI,78110,22.18912,-101.0017
717,SAN LUIS POTOSI 12,SALK,815,PROGRESO,SAN LUIS POTOSI,78370,22.1283,-100.9522
718,SAN LUIS POTOSI 13,MORALES SAUCITO,1104 Y1108,VALLE DEL TECNOLOGICO,SAN LUIS POTOSI,78137,22.17381,-101.014
719,SAN LUIS POTOSI 14,RUTILO TORRES,455,FRACCIONAMIENTO CENTRAL,SAN LUIS POTOSI,78399,22.14199,-100.9524
720,SAN LUIS POTOSI 15,RICARDO B. ANAYA,2737,ESTRELLA DE ORIENTE,SAN LUIS POTOSI,78396,22.1408,-100.9156
721,SAN LUIS POTOSI 16,AZUFRE,424 Y 428,VERDE CAMPESTRE,SAN LUIS POTOSI,78154,22.16077,-101.0192
722,SAN LUIS POTOSI 17,NICOLAS ZAPATA,357 Y 359,VILLAS VALLARTA,SAN LUIS POTOSI,78230,22.15409,-100.9875
723,SAN LUIS POTOSI 18,DAMIAN CARMONA,1106,SANTIAGO DEL RIO,SAN LUIS POTOSI,78049,22.16014,-100.9797
724,SAN LUIS POTOSI 19,VASCO DE QUIROGA,114-D,INDUSTRIAL AVIACION,SAN LUIS POTOSI,78140,22.1755,-100.9982
725,SAN LUIS POTOSI 2,INSURGENTES,250,ZONA CENTRO,SAN LUIS POTOSI,78000,22.15486,-100.9746
726,SAN LUIS POTOSI 21,CONSTITUCION,140,SAN LUIS POTOSI CENTRO,SAN LUIS POTOSI,78000,22.15317,-100.9737
727,SAN LUIS POTOSI 22,IGNACIO COMONFORT,450,SAN LUIS POTOSI CENTRO,SAN LUIS POTOSI,78000,22.14825,-100.975
728,SAN LUIS POTOSI 23,LOS BRAVO,300,SAN LUIS POTOSI CENTRO,SAN LUIS POTOSI,78000,22.15236,-100.9747
729,SAN LUIS POTOSI 24,ALVARO OBREGON,400,SAN LUIS POTOSI CENTRO,SAN LUIS POTOSI,78000,22.15268,-100.9772
730,SAN LUIS POTOSI 27,PEDRO MONTOYA,503,SAN LUIS POTOSI CENTRO,SAN LUIS POTOSI,78000,22.16014,-100.9773
731,SAN LUIS POTOSI 28,CORDILLERA DE LOS HIMALAYA,724,FRACCIONAMIENTO LOMAS CUARTA SECCION,SAN LUIS POTOSI,78216,22.14272,-101.0332
732,SAN LUIS POTOSI 29,SALK,2219,PROGRESO,SAN LUIS POTOSI,78370,22.12253,-100.9465
733,SAN LUIS POTOSI 3,REFORMA,353,CENTRO,SAN LUIS POTOSI,78000,22.158,-100.9754
734,SAN LUIS POTOSI 30,SANTOS DEGOLLADO,769,JARDINES DEL ESTADIO,SAN LUIS POTOSI,78280,22.14501,-100.9901
735,SAN LUIS POTOSI 31,CONSTITUCION,2280,CONSTITUCION,SAN LUIS POTOSI,78300,22.13247,-100.965
736,SAN LUIS POTOSI 32,PROLONGACION MOCTEZUMA,2270,TERCERA GRANDE,SAN LUIS POTOSI,78143,22.183,-100.973
737,SAN LUIS POTOSI 33,FERROCARRIL,1060,INDUSTRIAL AVIACION,SAN LUIS POTOSI,78140,22.17042,-101.0014
738,SAN LUIS POTOSI 34,PEDRO MORENO,835,FRACCIONAMIENTO PEDRO MORENO,SAN LUIS POTOSI,78170,22.16674,-100.9868
739,SAN LUIS POTOSI 36,NIÑO ARTILLERO,417-A,VIVEROS,SAN LUIS POTOSI,78290,22.13924,-101.0134
740,SAN LUIS POTOSI 37,ADOLFO LOPEZ MATEOS,941,TANGAMANGA II,SAN LUIS POTOSI,78269,22.1878,-100.9908
741,SAN LUIS POTOSI 38,SALK,4121,FRACCIONAMIENTO FLORES DEL AGUAJE,SAN LUIS POTOSI,78398,22.11211,-100.9361
742,SAN LUIS POTOSI 39,CALZADA DE GUADALUPE,3735,FRACCIONAMIENTO CD. SATELITE FRANCISCOI. MADERO,SAN LUIS POTOSI,78380,22.1144,-100.9624
743,SAN LUIS POTOSI 4,RICARDO B. ANAYA,1529,PROVIDENCIA,SAN LUIS POTOSI,78390,22.14262,-100.9349
744,SAN LUIS POTOSI 40,INDUSTRIAS,3969 Y3971,FRACCIONAMIENTO INDUSTRIAS,SAN LUIS POTOSI,78395,22.12401,-100.9217
745,SAN LUIS POTOSI 41,CAPITAN CALDERA,196,FRACCIONAMIENTO VALLE DE BRAVO,SAN LUIS POTOSI,78250,22.15549,-101.0016
746,SAN LUIS POTOSI 42,PONCIANO ARRIAGA,208,ZONA CENTRO,SAN LUIS POTOSI,78000,22.15923,-100.9744
747,SAN LUIS POTOSI 43,BOLIVAR,815,ZONA CENTRO,SAN LUIS POTOSI,78000,22.14759,-100.9805
748,SAN LUIS POTOSI 44,HIMNO NACIONAL,705,JARDIN,SAN LUIS POTOSI,78270,22.14607,-101.008
749,SAN LUIS POTOSI 45,RIO ESPAÑITA,450,ESPAÑITA,SAN LUIS POTOSI,78378,22.13645,-100.9507
750,SAN LUIS POTOSI 46,SAN ANGEL,195,SAN ANGEL,SAN LUIS POTOSI,78120,22.1859,-101.0034
751,SAN LUIS POTOSI 47,CORDILLERA DE LOS HIMALAYA,205,LOMAS 3A SECC,SAN LUIS POTOSI,78216,22.13837,-101.0267
752,SAN LUIS POTOSI 48,DE LA PAZ,205,TLAXCALA,SAN LUIS POTOSI,78038,22.16792,-100.978
753,SAN LUIS POTOSI 49,PUERTO DE MAZATLAN,755,EL AGUAJE,SAN LUIS POTOSI,78398,22.10896,-100.9425
754,SAN LUIS POTOSI 5,DE LOS PINOS,1240,UNIDAD HABITACIONAL AZALEAS,SOLEDAD DE GRACIANO SANCHEZ,78436,22.16069,-100.9511
755,SAN LUIS POTOSI 50,FRANCISCO MARTINEZDE LA VEGA,700,FRACCIONAMIENTO INDUSTRIAS,SAN LUIS POTOSI,78395,22.12425,-100.9279
756,SAN LUIS POTOSI 6,DE GUADALUPE,2545,FRACCIONAMIENTO SANTUARIO,SAN LUIS POTOSI,78380,22.12333,-100.9658
757,SAN LUIS POTOSI 7,MUÑOZ,315,DEL RIO,SAN LUIS POTOSI,78175,22.16237,-101.0007
758,SAN LUIS POTOSI 9,DALIAS,600,JARDINES DEL SUR,SAN LUIS POTOSI,78399,22.1295,-100.9324
759,SAN MARCOS GUERRERO,MIGUEL HIDALGO,74,SAN MARCOS,SAN MARCOS,39960,16.79406,-99.38984
760,SAN MARCOS GUERRERO 2,MATAMOROS,S/N,CENTRO,SAN MARCOS,39960,16.79772,-99.38984
761,SAN MARCOS GUERRERO 3,LAS PALMAS,S/N,EMILIANO ZAPATA,SAN MARCOS,39960,16.79303,-99.38828
762,SAN VICENTE CHICOLOAPAN,JUAREZ,26,SAN VICENTE CHICOLOAPAN DE JUAREZ CENTRO,CHICOLOAPAN DE JUAREZ,56370,19.41518,-98.90201
763,SANTA CRUZ,SANTA CRUZ,39,SAN SIMON TICUMAC,CIUDAD DE MEXICO,03660,19.37135,-99.14311
764,SANTA FE,VASCO DE QUIROGA,3900,SANTA FE CUAJIMALPA,CIUDAD DE MEXICO,05348,19.36102,-99.27922
765,SANTA MARTHA 3,IGNACIO ZARAGOZA,3254,SANTA MARTHA ACATITLA NORTE,CIUDAD DE MEXICO,09140,19.36666,-99.00496
766,SATELITE 2,CIRUJANO,16,CIUDAD SATELITE,NAUCALPAN,53100,19.51247,-99.23074
767,SAYULA,INDEPENDENCIA,7,SAYULA CENTRO,SAYULA,49300,19.88474,-103.6005
768,SIMILANDIA CENTRO,5 DE MAYO,59,CENTRO (AREA 1),CIUDAD DE MEXICO,06000,19.43398,-99.13466
769,SIMILANDIA COSMOPOL,JOSE LOPEZ PORTILLO,1,BOSQUES DEL VALLE,COACALCO DE BERRIOZABAL,55717,19.63244,-99.12386
770,SIMILANDIA EL ROSARIO,EL ROSARIO,1025,EL ROSARIO,CIUDAD DE MEXICO,02100,19.50323,-99.20303
771,SIMILANDIA GRAN SUR,ANILLO PERIFERICO BOULEVARDADOLFO RUIZ CORTINEZ,5550,PEDREGAL DE CARRASCO,CIUDAD DE MEXICO,04700,19.30513,-99.16644
772,SOLEDAD DE DOBLADO,MARIANO ABASOLO,101,CENTRO,SOLEDAD DE DOBLADO,94240,19.04699,-96.42262
773,SOLEDAD DE DOBLADO 2,2 DE ABRIL,S/N,SONORA,SOLEDAD DE DOBLADO,94244,19.05031,-96.42464
774,SOLEDAD DE GRACIANO SANCHEZ 1,MIGUEL HIDALGO,307,SOLEDAD DE GRACIANO SANCHEZ CENTRO,SOLEDAD DE GRACIANO SANCHEZ,78430,22.18625,-100.9404
775,SOLEDAD DE GRACIANO SANCHEZ 10,LOS PINOS,390,FRACCIONAMIENTO BUGAMBILIAS,SOLEDAD DE GRACIANO SANCHEZ,78436,22.15455,-100.9502
776,SOLEDAD DE GRACIANO SANCHEZ 11,VALENTIN AMADOR,655,SAN FRANCISCO,SOLEDAD DE GRACIANO SANCHEZ,78435,22.16339,-100.9451
777,SOLEDAD DE GRACIANO SANCHEZ 12,CORDILLERA ORIENTAL,321 L-9M-23,LA SIERRA,SOLEDAD DE GRACIANO SANCHEZ,78438,22.14492,-100.91
778,SOLEDAD DE GRACIANO SANCHEZ 13,DE LAS HACIENDAS,356,FRACCIONAMIENTO PRIVADAS DE LA HACIENDA,SOLEDAD DE GRACIANO SANCHEZ,78438,22.15954,-100.9072
779,SOLEDAD DE GRACIANO SANCHEZ 14,ANTIGUO CAMINO A RIO VERDE,325-A,SAN RAFAEL,SOLEDAD DE GRACIANO SANCHEZ,78438,22.15164,-100.9098
780,SOLEDAD DE GRACIANO SANCHEZ 2,CACTUS,1644,QUINTAS DE LA HACIENDA,SOLEDAD DE GRACIANO SANCHEZ,78438,22.15139,-100.8994
781,SOLEDAD DE GRACIANO SANCHEZ 3,JOSE RICARDO GALLARDO CARDONA,671-C,PROVIDENCIA,SOLEDAD DE GRACIANO SANCHEZ,78434,22.16813,-100.9429
782,SOLEDAD DE GRACIANO SANCHEZ 4,SAN PEDRO,1926,SAN ISIDRO,SOLEDAD DE GRACIANO SANCHEZ,78430,22.17064,-100.9228
783,SOLEDAD DE GRACIANO SANCHEZ 5,ANTONINO NIETO,1100-A,VILLA DE LA LIBERTAD,SOLEDAD DE GRACIANO SANCHEZ,78438,22.1404,-100.9032
784,SOLEDAD DE GRACIANO SANCHEZ 6,AND. DEL CANTIL,4308,RANCHO PAVON,SOLEDAD DE GRACIANO SANCHEZ,78434,22.17799,-100.9544
785,SOLEDAD DE GRACIANO SANCHEZ 7,CORREGIDORA,607,SOLEDAD,SOLEDAD DE GRACIANO SANCHEZ,78430,22.19386,-100.9366
786,SOLEDAD DE GRACIANO SANCHEZ 8,IGNACIO ZARAGOZA,312,QUINTAS DE LA HACIENDA II,SOLEDAD DE GRACIANO SANCHEZ,78438,22.14631,-100.8959
787,SOLEDAD DE GRACIANO SANCHEZ 9,NEGRETE,208,SAN GERARDO,SOLEDAD DE GRACIANO SANCHEZ,78430,22.18469,-100.936
788,SUCURSAL SIMIEVENTOS,ALEMANIA,10,COL INDEPENDENCIA,CIUDAD DE MEXICO,03630,0.0,0.0
789,"TACAMBARO 1, MCH",REVOLUCION,86,TACAMBARO DE CODALLOS CENTRO,TACAMBARO,61650,19.23538,-101.4572
790,"TACAMBARO 2, MCH",PORTAL DR. MIGUEL SILVA,6,TACAMBARO DE CODALLOS CENTRO,TACAMBARO DE CODALLOS,61650,19.23533,-101.4585
791,"TACAMBARO 3, MCH",MADERO ORIENTE,263,TACAMBARO DE CODALLOS CENTRO,TACAMBARO DE CODALLOS,61650,19.2366,-101.456
792,"TACAMBARO 4, MCH",IGNACIO ZARAGOZA,280,TACAMBARO DE CODALLOS CENTRO,TACAMBARO DE CODALLOS,61650,19.23532,-101.4618
793,TACUBA 1,AZCAPOTZALCO,34,TACUBA,CIUDAD DE MEXICO,11400,19.46042,-99.18871
794,TACUBA 3,GOLFO DE CALIFORNIA,6,TACUBA,CIUDAD DE MEXICO,11410,19.45818,-99.18406
795,TACUBAYA,MARTI,6,ESCANDON,CIUDAD DE MEXICO,11800,19.40277,-99.18649
796,TACUBAYA 2,RUFINA,3,TACUBAYA,CIUDAD DE MEXICO,11870,19.40207,-99.18797
797,TAJIN,TAJIN,100,NARVARTE,CIUDAD DE MEXICO,03020,19.39803,-99.15276
798,TALA 1,INDEPENDENCIA,45,CENTRO,TALA,45300,20.65077,-103.7
799,TALA 2,JOSE MA. MERCADO,7,TALA CENTRO,TALA,45300,20.64899,-103.702
800,TALA 3,VICENTE GUERRERO,285,LA HIGUERA,TALA,45302,20.66001,-103.701
801,TAMAZUNCHALE 1,20 DE NOVIEMBRE,S/N,CENTRO,TAMAZUNCHALE,79960,21.26303,-98.79266
802,TAMAZUNCHALE 2,HIDALGO,99,TAMAZUNCHALE CENTRO,TAMAZUNCHALE,79960,21.25975,-98.78809
803,TAMAZUNCHALE 3,JUAREZ,49,XEW,TAMAZUNCHALE,79960,21.24693,-98.77847
804,TAMAZUNCHALE 4,HIDALGO,42,BARRIO SAN JUAN ZONA CENTRO,TAMAZUNCHALE,79960,21.26109,-98.79016
805,TAMAZUNCHALE 5,BENITO JUAREZ,.,BARRIO SAN JOSE,TAMAZUNCHALE,79960,21.2547,-98.78555
806,TAMPICO 1,ADUANA NORTE,102,ZONA CENTRO,TAMPICO,89000,22.21553,-97.85511
807,TAMPICO 14,HIDALGO,14-B,PETROLERA,TAMPICO,89110,22.25859,-97.87609
808,TAMPICO 18,UGANDA,223,SOLIDARIDAD VOLUNTAD Y TRABAJO,TAMPICO,89317,22.32084,-97.86068
809,TAMPICO 2,HIDALGO,1005,NUEVO PROGRESO,TAMPICO,89318,22.30822,-97.88104
810,TAMPICO 20,MONTERREY,"409, 411,413",ENRIQUE CARDENAS GONZALEZ,TAMPICO,89309,22.29896,-97.85512
811,TAMPICO 4,HIDALGO,409,EL PUEBLO,TAMPICO,89190,22.22401,-97.8636
812,TAMPICO 7,PENSAMIENTO LIBERAL,407,FRENTE DEMOCRATICO,TAMPICO,89160,22.24533,-97.85542
813,TAMPICO 9,SAN PEDRO,513 PTE,LAS VIOLETAS,TAMPICO,89320,22.2874,-97.88172
814,"TAMUIN 1, S.L.P.",PEDRO ANTONIO SANTOS,331,CENTRO,TAMUIN,79200,22.00309,-98.77679
815,"TAMUIN 2, S.L.P.",PEDRO ANTONIO SANTOS,108,TAMUIN CENTRO,TAMUIN,79200,22.00358,-98.77525
816,TANQUIAN DE ESCOBEDO SLP,VICENTE GUERRERO,10,CENTRO,TANQUIAN DE ESCOBEDO,79840,21.59955,-98.6629
817,TAPACHULA 1,3A PONIENTE,4,ZONA CENTRO,TAPACHULA,30700,14.90874,-92.2626
818,TAPACHULA 10,CENTRAL NORTE,2,CENTRO,TAPACHULA,30700,14.90663,-92.26347
819,TAPACHULA 11,28 OTE.,MZ 15 LT 3,LOS LAURELES,TAPACHULA,30780,14.88642,-92.2549
820,TAPACHULA 12,VERACRUZ,28,FRACCIONAMIENTO GUADALUPE,TAPACHULA,30770,14.8999,-92.2497
821,TAPACHULA 13,5A CALLE PONIENTE,45,CENTRO,TAPACHULA,30700,14.91193,-92.26641
822,TAPACHULA 14,17A CALLE ORIENTE,S/N,CENTRO TAPACHULA,TAPACHULA,30700,14.9124,-92.25518
823,TAPACHULA 15,4A. AVENIDA SUR PROLONGACION,175,FRACCIONAMIENTO CANTARRANAS,TAPACHULA,30797,14.89226,-92.27525
824,TAPACHULA 16,6A AV. NORTE,2,CENTRO,TAPACHULA,30700,14.90814,-92.26588
825,TAPACHULA 17,CENTRAL NORTE,83,CENTRO,TAPACHULA,30700,14.91128,-92.26064
826,TAPACHULA 18,16A AVENIDA SUR,9,SAN CARALAMPIO,TAPACHULA,30760,14.9093,-92.26972
827,TAPACHULA 2,3A. CALLE PONIENTE,40,CENTRO,TAPACHULA,30700,14.91048,-92.26545
828,TAPACHULA 3,14A. PRIVADA NORTE,5 Y 6,INSURGENTES,TAPACHULA,30700,14.91736,-92.26663
829,TAPACHULA 4,8A. AVENIDA NORTE,38 C,CENTRO,TAPACHULA,30700,14.91186,-92.26435
830,TAPACHULA 5,7A. PONIENTE,35,TAPACHULA CENTRO,TAPACHULA,30700,14.91176,-92.26485
831,TAPACHULA 8,SANTA OFELIA,MZ 1,LOS CAFETALES,TAPACHULA,30820,14.86985,-92.30379
832,TAPACHULA 9,CENTRAL SUR,129,TAPACHULA CENTRO,TAPACHULA,30700,14.89937,-92.26783
833,TAXCO 1,MIGUEL HIDALGO,11,CENTRO,TAXCO DE ALARCON,40200,18.55502,-99.60562
834,TAXCO 2,DE LOS PLATEROS,138,LA MISION,TAXCO DE ALARCON,40230,18.56048,-99.60113
835,TAXCO 3,PAJARITOS,4,TAXCO DE ALARCON CENTRO,TAXCO DE ALARCON,40200,18.5559,-99.60376
836,TAXCO 4,DE LOS PLATEROS,322,CENTRO,TAXCO DE ALARCON,40200,18.55443,-99.60232
837,TAXCO 5,DE LOS PLATEROS,271,CENTRO,TAXCO DE ALARCON,40200,18.55366,-99.60649
838,TAXCO 6,DE LOS PLATEROS,290-B,LA MORA,TAXCO DE ALARCON,40260,18.55632,-99.60172
839,TAXCO 7,MANZANA RUBI,LOTE 9,MONTAÑA DE PLATA,TAXCO DE ALARCON,40274,18.55067,-99.61913
840,"TECOLOTLAN, JAL",12 DE DICIEMBRE,17,LA VIRGENCITA,TECOLOTLAN,48540,20.19126,-104.0384
841,TENAYUCA,CUAUHTEMOC,41,TENAYUCA,TLALNEPANTLA DE BAZ,54150,19.53093,-99.16954
842,TEPALCATEPEC 2,IGNACIO ALTAMIRANO,S/N,CENTRO,TEPALCATEPEC,60540,19.19005,-102.8455
843,TEPEPAN 1,PASEO DE LA VIRGEN,7,SANTA MARIA TEPEPAN,CIUDAD DE MEXICO,16020,19.28053,-99.13788
844,TEPEPAN 2,ALDAMA,339,PUEBLO DE SANTA MARIA TEPEPAN,CIUDAD DE MEXICO,16020,19.2763,-99.13301
845,TEQUESQUINAHUAC,GUSTAVO BAZ,9,TEQUESQUINAHUAC,TLALNEPANTLA DE BAZ,54020,19.55898,-99.20363
846,TERMINAL TAPO,IGNACIO ZARAGOZA,200,7 DE JULIO,CIUDAD DE MEXICO,15390,19.4302,-99.11332
847,"TEXISTEPEC, VER",PLAZA ZARAGOZA,80 ALTOS,CENTRO,TEXISTEPEC,96180,17.89397,-94.81764
848,TEZONAPA,DE LOS PINOS,8,CENTRO,TEZONAPA,95096,18.60351,-96.68535
849,TEZONAPA 2,EMILIANO ZAPATA,35-A,CENTRO,TEZONAPA,95095,18.60279,-96.6878
850,TICOMAN,TICOMAN,1264,FRACC. BARRIO LA PURISIMA,CIUDAD DE MEXICO,07320,19.51639,-99.13496
851,TIERRA BLANCA 1,INDEPENDENCIA,500,TIERRA BLANCA,TIERRA BLANCA,95100,18.44595,-96.35933
852,TIERRA BLANCA 2,SERDAN,311,CENTRO,TIERRA BLANCA,95100,18.44844,-96.35973
853,TIERRA BLANCA 3,AQUILES SERDAN,1203,LOMA DEL JAZMIN,TIERRA BLANCA,95150,18.45088,-96.35367
854,TIERRA BLANCA 4,MIGUEL ALEMAN,L1 MZ52 Z5,PEMEX,TIERRA BLANCA,95180,18.44149,-96.34675
855,"TIQUICHEO DE NICOLAS ROMERO, MICHOACAN",INDEPENDENCIA,38,CENTRO,TIQUICHEO DE NICOLAS ROMERO,61370,18.90196,-100.7377
856,TLACAMACA,PONIENTE 112,312,TLACAMACA,CIUDAD DE MEXICO,07380,19.47619,-99.13746
857,TLAHUAC 1,TLAHUAC,1528,AÑO DE JUAREZ,CIUDAD DE MEXICO,09780,19.31745,-99.0741
858,TLAHUAC 2,GITANA,MZ 12,LA TURBA,CIUDAD DE MEXICO,13250,19.29536,-99.05743
859,TLAHUAC 3,CHALCO - MIXQUIC,301,SAN ANDRES MIXQUIC,CIUDAD DE MEXICO,13600,19.22531,-98.95804
860,TLALNEMEX,ATLACOMULCO,52,TLALNEMEX,TLALNEPANTLA DE BAZ,54070,19.531,-99.20128
861,TLALPAN 1,DE TLALPAN,2552,EMILIANO ZAPATA,CIUDAD DE MEXICO,04810,19.32761,-99.13909
862,TLALPAN 2,DE TLALPAN,5035,LA JOYA,CIUDAD DE MEXICO,14090,19.28085,-99.16592
863,TLALPAN 3,DE TLALPAN,4456,TORIELLO GUERRA,CIUDAD DE MEXICO,14050,19.29559,-99.15453
864,TLALPAN 4,DE TLALPAN,754,IZTACCIHUATL,CIUDAD DE MEXICO,03520,19.39142,-99.13816
865,TLALPAN 5,TLALPAN,1265,SAN SIMON TICUMAC,CIUDAD DE MEXICO,03660,19.37108,-99.14164
866,TLALPAN 6,INSURGENTES SUR,4087 FRACCNORTE,PUEBLO SANTA URSULA XITLA,CIUDAD DE MEXICO,14420,19.28498,-99.17586
867,TLALPAN 7,CAFETALES,191,GRANJAS COAPA,CIUDAD DE MEXICO,14330,19.29521,-99.11479
868,TLALPAN 8,DE TLALPAN,1529,PORTALES,CIUDAD DE MEXICO,03300,19.36211,-99.14313
869,TONALA,INDEPENDENCIA,S/N,CENTRO,TONALA,30500,16.08926,-93.75175
870,TONALA 2,HIDALGO,S/N,TONALA CENTRO,TONALA,30500,16.09134,-93.75249
871,TONALA 3,16 DE SEPTIEMBRE,S/N,CENTRO,TONALA,30500,16.08832,-93.75417
872,TONALA 4,TONALA,305,TEJERIA,TONALA,30500,16.09829,-93.76783
873,TONALA 5,FRANCISCO JAVIER MINA,17-B,BARRIO LAS FLORES,TONALA,30500,16.0889,-93.74519
874,TOREO,RODOLFO GAONA,6 LOC 1-2,LOMAS DE SOTELO,NAUCALPAN DE JUAREZ,53390,19.45305,-99.21827
875,"TOTUTLA, VER.",MIGUEL ALEMAN,83,TOTUTLA,TOTUTLA,94050,19.21271,-96.96294
876,TULTITLAN 1,LA PERLA,S/N,EL TESORO,TULTITLAN,54957,19.59697,-99.16658
877,TULTITLAN 5,VIA JOSE LOPEZ PORTILLO,S/N,EJIDO DE BUENAVISTA,TULTITLAN DE MARIANO ESCOBEDO,54955,19.62177,-99.16349
878,TULTITLAN 7,SAN ANTONIO,154,CONCEPCION,TULTITLAN DE MARIANO ESCOBEDO,54900,19.64344,-99.18401
879,TUXTLA GUTIERREZ 1,5A AVENIDA SUR PONIENTE,120,ZONA CENTRO,TUXTLA GUTIERREZ,29000,16.74952,-93.11717
880,TUXTLA GUTIERREZ 10,9A. AV. SUR PONIENTE,241,TUXTLA GUTIERREZ CENTRO,TUXTLA GUTIERREZ,29000,16.74624,-93.1188
881,TUXTLA GUTIERREZ 11,9A. AV. SUR ORIENTE,1991,MEXICANIDAD CHIAPANECA,TUXTLA GUTIERREZ,29070,16.74271,-93.10171
882,TUXTLA GUTIERREZ 13,ANGEL ALBINO CORZO,138,CASTILLO TIELMANS,TUXTLA GUTIERREZ,29070,16.74707,-93.0822
883,TUXTLA GUTIERREZ 14,5 AVENIDA NORTE,585,TUXTLA GUTIERREZ CENTRO,TUXTLA GUTIERREZ,29000,16.75809,-93.11629
884,TUXTLA GUTIERREZ 15,BAJA CALIFORNIA,MZ 7 LT 16,PLAN DE AYALA,TUXTLA GUTIERREZ,29110,16.76418,-93.18426
885,TUXTLA GUTIERREZ 16,20 DE NOVIEMBRE,755,ALBANIA ALTA,TUXTLA GUTIERREZ,29010,16.77646,-93.10829
886,TUXTLA GUTIERREZ 17,SUR PONIENTE,113,ISSSTE,TUXTLA GUTIERREZ,29060,16.74992,-93.13032
887,TUXTLA GUTIERREZ 18,CENTRAL PONIENTE,875,EL CERRITO,TUXTLA GUTIERREZ,29066,16.75461,-93.12286
888,TUXTLA GUTIERREZ 19,6TA. AVENIDA SUR,344,BARRIO EL CALVARIO,TUXTLA GUTIERREZ,29066,16.74891,-93.11887
889,TUXTLA GUTIERREZ 2,CENTRAL PTE.,261,CENTRO,TUXTLA GUTIERREZ,29000,16.75394,-93.11765
890,TUXTLA GUTIERREZ 22,4A CA ORIENTE SUR,1333,OBRERA,TUXTLA GUTIERREZ,29080,16.74309,-93.11395
891,TUXTLA GUTIERREZ 23,5A AVENIDA SUR ORIENTE,613,AMPLIACION TERAN,TUXTLA GUTIERREZ,29059,16.74844,-93.16071
892,TUXTLA GUTIERREZ 24,CAMINERA,S/N,SAN JUAN SABINITO,TUXTLA GUTIERREZ,29090,16.73565,-93.10465
893,TUXTLA GUTIERREZ 25,CENTRAL PONIENTE,133,COPOYA,TUXTLA GUTIERREZ,29100,16.71374,-93.11898
894,TUXTLA GUTIERREZ 26,9A AVENIDA NORTE,703,BARRIO COLON,TUXTLA GUTIERREZ,29037,16.76257,-93.12006
895,TUXTLA GUTIERREZ 27,CENTRAL ORIENTE,1324,BARRIO ZOCOTUMBAK,TUXTLA GUTIERREZ,29073,16.75192,-93.10606
896,TUXTLA GUTIERREZ 28,LIBRAMIENTO SUR ORIENTE,S/N,COLONIAL,TUXTLA GUTIERREZ,29098,16.73254,-93.09573
897,TUXTLA GUTIERREZ 29,CENTRAL SUR,168,BARRIO EL CALVARIO,TUXTLA GUTIERREZ,29066,16.753,-93.11636
898,TUXTLA GUTIERREZ 3,3RA. AV. SUR ORIENTE,326,CENTRO,TUXTLA GUTIERREZ,29000,16.75074,-93.11482
899,TUXTLA GUTIERREZ 4,CENTRAL ORIENTE,443,CENTRO,TUXTLA GUTIERREZ,29000,16.75323,-93.11329
900,TUXTLA GUTIERREZ 6,4A SUR OTE.,212,BARRIO SAN ROQUE,TUXTLA GUTIERREZ,29000,16.75004,-93.11584
901,TUXTLA GUTIERREZ 7,5A. NORTE PONIENTE,1103,TUXTLA GUTIERREZ CENTRO,TUXTLA GUTIERREZ,29000,16.75958,-93.12402
902,TUXTLA GUTIERREZ 8,2A. CALLE ORIENTE SUR,125,TERAN,TUXTLA GUTIERREZ,29050,16.75217,-93.16314
903,TUXTLA GUTIERREZ 9,BELISARIO DOMINGUEZ,S/N,CENTRO,TUXTLA GUTIERREZ,29000,16.75332,-93.15038
904,UNIVERSIDAD 1,UNIVERSIDAD,1953,COPILCO UNIVERSIDAD,CIUDAD DE MEXICO,04340,19.33916,-99.18244
905,UNIVERSIDAD 2,UNIVERSIDAD,913,DEL VALLE CENTRO,CIUDAD DE MEXICO,03100,19.36974,-99.16559
906,UNIVERSIDAD 3,UNIVERSIDAD,1344,DEL CARMEN,CIUDAD DE MEXICO,04100,19.35811,-99.17216
907,UNIVERSIDAD 4,UNIVERSIDAD,1471,FLORIDA,CIUDAD DE MEXICO,01030,19.3544,-99.17535
908,URSULO GALVAN,5 DE MAYO,S/N,CENTRO,URSULO GALVAN,91662,19.40452,-96.35754
909,"URUAPAN 1, MCH",NICOLAS BRAVO,3,URUAPAN CENTRO,URUAPAN,60000,19.41863,-102.0632
910,"URUAPAN 10, MCH",QUIRINDAVARA,5,QUIRINDAVARA,URUAPAN,60190,19.37709,-102.044
911,"URUAPAN 11, MCH",LA FUENTE,69,EL COLORIN,URUAPAN,60120,19.41643,-102.0395
912,"URUAPAN 12, MCH",GRAL. LAZARO CARDENAS,1440,HUERTAS DEL CUPATITZIO,URUAPAN,60080,19.40533,-102.0546
913,"URUAPAN 13, MCH",PORTAL SANTOS DEGOLLADO,7,URUAPAN CENTRO,URUAPAN,60000,19.42068,-102.0617
914,"URUAPAN 14, MCH",LA FUENTE,2500,LA PERLA,URUAPAN,60133,19.41654,-102.0331
915,"URUAPAN 15, MCH",PAROTA,2,NATALIO VAZQUEZ PALLAREZ,URUAPAN,60154,19.40935,-102.0193
916,"URUAPAN 16, MCH",CONSTITUCION,130,SAN MIGUEL,URUAPAN,60040,19.42607,-102.0599
917,"URUAPAN 17, MCH",FRANCISCO SARABIA,1,RAMON FARIAS,URUAPAN,60050,19.41882,-102.0555
918,"URUAPAN 18, MCH",EMILIO CARRANZA,6,URUAPAN CENTRO,URUAPAN,60000,19.42121,-102.0645
919,"URUAPAN 19, MCH",GRAL. LAZARO CARDENAS,1701,LOS ANGELES,URUAPAN,60160,19.40232,-102.0551
920,"URUAPAN 2, MCH",BENITO JUAREZ,58,SAN FRANCISCO,URUAPAN,60050,19.42615,-102.0515
921,"URUAPAN 20, MCH",GRAN PARADA,16,LA MAGDALENA,URUAPAN,60080,19.41043,-102.058
922,"URUAPAN 21, MCH",LIRIO,88,PRIMERO DE MAYO,URUAPAN,60153,19.41027,-102.0386
923,"URUAPAN 22, MCH",ALEJANDRINA,287,CASA DEL NIÑO PONIENTE,URUAPAN,60094,19.40353,-102.0699
924,"URUAPAN 23, MCH",GABRIEL CERVERA,36,EJERCITO MEXICANO,URUAPAN,60154,19.41047,-102.0242
925,"URUAPAN 24, MCH",BENITO JUAREZ,61,URUAPAN CENTRO,URUAPAN,60000,19.41549,-102.0598
926,"URUAPAN 25, MCH",SAN FRANCISCO,1501,ROSA DE CASTILLA INFONAVIT,URUAPAN,60155,19.3928,-102.0219
927,"URUAPAN 26, MCH",FERROCARRIL,28,EL COLORIN NORTE,URUAPAN,60120,19.42201,-102.0399
928,"URUAPAN 27, MCH",CARAPAN URUAPAN,KM 72,LA QUINTA,URUAPAN,60030,19.43425,-102.0757
929,"URUAPAN 28, MCH",INDUSTRIAL,S/N,CALTZONTZIN,URUAPAN,60220,19.42417,-102.0108
930,"URUAPAN 29, MCH",DEL NIÑO,126,JICALAN,URUAPAN,60090,19.39196,-102.0698
931,"URUAPAN 3, MCH",FRANCISCO SARABIA,22,MORELOS,URUAPAN,60050,19.41825,-102.0535
932,"URUAPAN 30, MCH",JALISCO,206,RAMON FARIAS,URUAPAN,60050,19.42007,-102.0493
933,"URUAPAN 31, MCH",LAZARO CARDENAS,409-A,REVOLUCION,URUAPAN,60150,19.40812,-102.0488
934,"URUAPAN 32, MCH",BENITO JUAREZ,104,BELLAVISTA,URUAPAN,60050,19.42731,-102.0575
935,"URUAPAN 33, MCH",ANILLO DE CIRCUNVALACION,176,PROGRESO,URUAPAN,60090,19.40873,-102.067
936,"URUAPAN 4, MCH",16 DE SEPTIEMBRE,29,URUAPAN CENTRO,URUAPAN,60000,19.4225,-102.061
937,"URUAPAN 5, MCH",DEL NIÑO,22,CASA DEL NIÑO ORIENTE,URUAPAN,60090,19.40499,-102.0666
938,"URUAPAN 6, MCH",UNIVERSO,268,SOL NACIENTE,URUAPAN,60154,19.4054,-102.0259
939,"URUAPAN 7, MCH",INDEPENDENCIA,9,URUAPAN CENTRO,URUAPAN,60000,19.42219,-102.0644
940,"URUAPAN 8, MCH",ALVARO OBREGON,92,URUAPAN CENTRO,URUAPAN,60000,19.41864,-102.056
941,"URUAPAN 9, MCH",PARAGUAY,599,LOS ANGELES,URUAPAN,60170,19.39713,-102.0515
942,VALLE DE CHALCO 10,CUAUHTEMOC,LT 1MZ 1288,MARIA ISABEL,VALLE DE CHALCO SOLIDARIDAD,56615,19.29622,-98.94958
943,VALLE DE CHALCO 2,NORTE VEINTE,MZ 529,SAN ISIDRO,VALLE DE CHALCO,56617,19.2953,-98.93018
944,VALLE DE CHALCO 4,CUAUHTEMOC,MZ 85,SAN MIGUEL XICO I SECC.,VALLE DE CHALCO SOLIDARIDAD,56613,19.26964,-98.95349
945,VERACRUZ 12,PROFA ALICIA MORENO,384,BUENAVISTA INFONAVIT,VERACRUZ,91850,19.20208,-96.16868
946,VERACRUZ 13,ZARAGOZA,94,VERACRUZ CENTRO,VERACRUZ,91700,19.20032,-96.13718
947,VERACRUZ 2,SALVADOR DIAZ MIRON,4265,DEL MAESTRO,VERACRUZ,91920,19.15847,-96.13129
948,VERACRUZ 23,RIO MAGDALENA,521,RIO MEDIO,VERACRUZ,91809,19.20997,-96.19552
949,VERACRUZ 24,LUCIERNAGA,2-D,FRACC. GEOVILLAS RINCON DE LOS PINOS,VERACRUZ,91808,19.21652,-96.22514
950,VERACRUZ 25,URSULO GALVAN,656,CENTRO,VERACRUZ,91700,19.18676,-96.13667
951,VERACRUZ 26,M. ARISTA,861,CENTRO,VERACRUZ,91700,19.19756,-96.13846
952,VERACRUZ 28,INDEPENDENCIA,1638,CENTRO,VERACRUZ,91700,19.19645,-96.13588
953,VERACRUZ 29,RIO IGUAZU,505,BOSQUES DE RIO MEDIO,VERACRUZ,91809,19.18632,-96.2124
954,VERACRUZ 30,HACIENDA REAL,LOTE 41,FRACCIONAMIENTO COSTA DORADA,VERACRUZ,91808,19.20862,-96.21644
955,VERACRUZ 31,PASEO FLORESTA ORIENTE,LT 1 MZ 48,FLORESTA 80,VERACRUZ,91948,19.14955,-96.134
956,VERACRUZ 32,IZOTE,612,TARIMOYA III,VERACRUZ,91855,19.19954,-96.18744
957,VERACRUZ 33,PAPANTLA,2032,CHAPULTEPEC,VERACRUZ,91740,19.17253,-96.14622
958,VERACRUZ 34,LEONARDO PASQUEL,230,LAS BRISAS,VERACRUZ,91809,19.20329,-96.17875
959,VERACRUZ 35,MADRE SELVA,LOTE 19MANZANA 34,DORA MARIA TREVIÑO,VERACRUZ,91727,19.16792,-96.17011
960,VERACRUZ 36,JUAN SOTO,413,CENTRO,VERACRUZ,91700,19.19109,-96.13985
961,VERACRUZ 37,5 DE MAYO,1825,CENTRO,VERACRUZ,91700,19.19405,-96.13622
962,VERACRUZ 6,VICTOR SANCHEZ,1725,RIO MEDIO,VERACRUZ,91890,19.20446,-96.19476
963,VERACRUZ 7,SALVADOR DIAZ MIRON,361,CENTRO,VERACRUZ,91700,19.19087,-96.1354
964,VERTIZ 1,DR. JOSE MARIA VERTIZ,1274,VERTIZ NARVARTE,CIUDAD DE MEXICO,03600,19.37543,-99.15387
965,VERTIZ 2,DOCTOR JOSE MARIA VERTIZ,1137,VERTIZ NARVARTE,CIUDAD DE MEXICO,03600,19.3801,-99.15332
966,VILLA COYOACAN,MIGUEL ANGEL DE QUEVEDO,646,VILLA COYOACAN,CIUDAD DE MEXICO,04000,19.34485,-99.16456
967,VILLA JUAREZ SLP,MIGUEL HIDALGO,S/N,CENTRO,VILLA JUAREZ,79460,22.32477,-100.2666
968,XALAPA 1,ATENAS VERACRUZANAS,507,REVOLUCION,XALAPA,91100,19.56984,-96.91822
969,XALAPA 10,EUROPA,220,FRACCIONAMIENTO INGENIOCENTRAL DE ABASTOS,XALAPA,91193,19.51335,-96.85947
970,XALAPA 11,MEXICO,8,LA LAGUNILLA,XALAPA,91119,19.56796,-96.92825
971,XALAPA 12,EBANO,S/N,VERACRUZ,XALAPA,91018,19.56157,-96.94807
972,XALAPA 13,RAFAEL MURILLO VIDAL,13,ZONA CENTRO,XALAPA,91000,19.52747,-96.91569
973,XALAPA 2,REVOLUCION,91,CENTRO,XALAPA,91000,19.53054,-96.92364
974,XALAPA 3,20 DE NOVIEMBRE OTE.,374,CENTRO,XALAPA,91000,19.52779,-96.91125
975,XALAPA 4,ENRIQUEZ,13,CENTRO,XALAPA,91000,19.52748,-96.9221
976,XALAPA 5,ANTIGUO A NAOLINCO,1024,MARGARITA MAZA DE JUAREZ,XALAPA,91157,19.55614,-96.90506
977,XALAPA 6,ANTIGUO A NAOLINCO,4 LT 13,ARBOLEDAS DEL TRONCONAL,XALAPA,91152,19.56598,-96.90127
978,XALAPA 7,ANTONIO CHEDRAUI CARAM,1139,LOMAS DE CASA BLANCA,XALAPA,91164,19.54132,-96.89616
979,XALAPA 8,CAÑON DEL COLORADO,23,LOMAS DE CASA BLANCA,XALAPA,91164,19.54973,-96.89494
980,XALAPA 9,PRINCIPAL,S/N,LAS TRANCAS,LAS TRANCAS,91194,19.50686,-96.86532
981,XILITLA,CORREGIDORA,105,CENTRO,XILITLA,79900,21.38531,-98.99073
982,XILITLA 2,C. JARDIN HIDALGO,S/N,XILITLA,XILITLA,79900,21.38505,-98.98994
983,XOCHIMILCO 1,AHUEHUETES,10,EL ROSARIO,CIUDAD DE MEXICO,16070,19.26475,-99.10309
984,XOCHIMILCO 2,A NATIVITAS,374,BARRIO XALTOCAN,CIUDAD DE MEXICO,16090,19.25242,-99.10151
985,XOCHIMILCO 4,FRANCISCO I. MADERO,12,BARRIO EL ROSARIO,CIUDAD DE MEXICO,16070,19.26191,-99.10516
986,XOCHIMILCO 5,COMERCIO,75,PUEBLO SANTA CRUZ XOCHITEPEC,CIUDAD DE MEXICO,16100,19.25696,-99.13097
987,XOCHIMILCO 6,VIOLETA,47,BARRIO SANTA CRUCITA,CIUDAD DE MEXICO,16070,19.2616,-99.10131
988,XOCHIMILCO 7,GUADALUPE I. RAMIREZ,582,TIERRA NUEVA,CIUDAD DE MEXICO,16050,19.26764,-99.12354
989,ZACOALCO DE TORRES,TORRES,70,CENTRO,ZACOALCO DE TORRES,45750,20.22976,-103.5712
990,ZAPATA,EMILIANO ZAPATA,59,CENTRO,CIUDAD DE MEXICO,06060,19.43291,-99.12619
991,"ZAPOTILTIC 2, JALISCO",REFORMA,61,CENTRO,ZAPOTILTIC,49600,19.62753,-103.4167
992,ZARAGOZA 1,IGNACIO ZARAGOZA,795,PUEBLA,CIUDAD DE MEXICO,15020,19.4092,-99.07875
993,ZARAGOZA 2,IGNACIO ZARAGOZA,750,AVIACION CIVIL,CIUDAD DE MEXICO,15740,19.41154,-99.08083
994,ZARAGOZA 4,IGNACIO ZARAGOZA,224,SANTA CRUZ AVIACION,CIUDAD DE MEXICO,15540,19.42205,-99.09936
995,"ZINAPECUARO 1, MCH",MIGUEL HIDALGO,42,ZINAPECUARO FIGUEROA CENTRO,ZINAPECUARO,58930,19.86024,-100.8282
996,"ZINAPECUARO 2, MCH",RAMON LOPEZ LARA,S/N,ZINAPECUARO DE FIGUEROA CENTRO,ZINAPECUARO,58930,19.8601,-100.8299
997,"ARIO DE ROSALES, MCH",GUERRERO,36,ARIO DE ROSALES,ARIO,61830,19.20633,-101.7092
998,"CHERAN, MCH",CONSTITUCION,10,BARRIO PRIMERO,CHERAN,60270,19.68779,-101.9555
999,"JIQUILPAN 2, MCH",PROFESOR FAJARDO SUR,10,JIQUILPAN DE JUAREZ CENTRO,JIQUILPAN,59510,19.99151,-102.7184
1000,"JIQUILPAN, MCH",ARTEAGA,114,JIQUILPAN DE JUAREZ CENTRO,JIQUILPAN,59510,19.99021,-102.7194
1001,"LOS REYES 2, MCH",LAZARO CARDENAS,S/N,JARDIN,LOS REYES,60350,19.59448,-102.4764
1002,"LOS REYES 3, MCH",16 DE SEPTIEMBRE,S/N,LOS REYES DE SALGADO CENTRO,LOS REYES,60300,19.5904,-102.4742
1003,"LOS REYES 4, MCH",EMILIANO ZAPATA,108,CENTRO,LOS REYES,60300,19.58524,-102.4749
1004,"LOS REYES 5, MCH",CLEMENTE DE JESUS MUNGUIA,39,CENTRO,LOS REYES DE SALGADO,60300,19.59359,-102.4718
1005,"LOS REYES, MCH",IGNACIO ALLENDE,63 SUR,LOS REYES DE SALGADO CENTRO,LOS REYES,60300,19.58813,-102.4736
1006,"MORELIA 108, MCH",PASEO DE LA REPUBLICA,5441,TABIQUEROS,MORELIA,58195,19.69308,-101.2405
1007,"MORELIA 15, MCH",TRATADO LIBRE COMERCIO (FELIX IRETA),81,SOLIDARIDAD,MORELIA,58116,19.72997,-101.2062
1008,"MORELIA 16, MCH",FRANCISCO I MADERO PTE,8278,SAN PASCUAL,MORELIA,58337,19.69552,-101.2671
1009,"MORELIA 17, MCH",MANANTIAL MINTZITA,306,LOS MANANTIALES DE MORELIA,MORELIA,58188,19.69906,-101.2377
1010,"PATZCUARO 1, MCH",RAMOS,19,PATZCUARO CENTRO,PATZCUARO,61600,19.51621,-101.6109
1011,"PATZCUARO 2, MCH",IGNACIO ZARAGOZA,2540,JUVENTINO ROSAS,PATZCUARO,61605,19.50799,-101.6137
1012,"PATZCUARO 3, MCH",CODALLOS,12,PATZCUARO CENTRO,PATZCUARO,61600,19.51521,-101.6114
1013,"PATZCUARO 5, MCH",GUILLERMO PEREZ VARGAS,S/N,LAZARO CARDENAS,PATZCUARO,61604,19.49892,-101.6039
1014,"PATZCUARO 6, MCH",PADRE LLOREDA,32,PATZCUARO CENTRO,PATZCUARO,61600,19.51612,-101.6073
1015,"PATZCUARO 7, MCH",ALVARO OBREGON,5,PATZCUARO CENTRO,PATZCUARO,61600,19.51702,-101.6089
1016,"PERIBAN, MCH",CUAUHTEMOC,1,PERIBAN DE RAMOS,PERIBAN,60440,19.51973,-102.4155
1017,"PUREPERO, MCH",PORTAL MORELOS,15,PUREPERO DE ECHAIZ,PUREPERO,58760,19.91035,-102.0077
1018,"TACAMBARO 1, MCH",REVOLUCION,86,TACAMBARO DE CODALLOS CENTRO,TACAMBARO,61650,19.23538,-101.4572
1019,"TACAMBARO 2, MCH",PORTAL DR. MIGUEL SILVA,6,TACAMBARO DE CODALLOS CENTRO,TACAMBARO DE CODALLOS,61650,19.23533,-101.4585
1020,"TACAMBARO 3, MCH",MADERO ORIENTE,263,TACAMBARO DE CODALLOS CENTRO,TACAMBARO DE CODALLOS,61650,19.2366,-101.456
1021,"TACAMBARO 4, MCH",IGNACIO ZARAGOZA,280,TACAMBARO DE CODALLOS CENTRO,TACAMBARO DE CODALLOS,61650,19.23532,-101.4618
1022,"URUAPAN 1, MCH",NICOLAS BRAVO,3,URUAPAN CENTRO,URUAPAN,60000,19.41863,-102.0632
1023,"URUAPAN 10, MCH",QUIRINDAVARA,5,QUIRINDAVARA,URUAPAN,60190,19.37709,-102.044
1024,"URUAPAN 11, MCH",LA FUENTE,69,EL COLORIN,URUAPAN,60120,19.41643,-102.0395
1025,"URUAPAN 12, MCH",GRAL. LAZARO CARDENAS,1440,HUERTAS DEL CUPATITZIO,URUAPAN,60080,19.40533,-102.0546
1026,"URUAPAN 13, MCH",PORTAL SANTOS DEGOLLADO,7,URUAPAN CENTRO,URUAPAN,60000,19.42068,-102.0617
1027,"URUAPAN 14, MCH",LA FUENTE,2500,LA PERLA,URUAPAN,60133,19.41654,-102.0331
1028,"URUAPAN 15, MCH",PAROTA,2,NATALIO VAZQUEZ PALLAREZ,URUAPAN,60154,19.40935,-102.0193
1029,"URUAPAN 16, MCH",CONSTITUCION,130,SAN MIGUEL,URUAPAN,60040,19.42607,-102.0599
1030,"URUAPAN 17, MCH",FRANCISCO SARABIA,1,RAMON FARIAS,URUAPAN,60050,19.41882,-102.0555
1031,"URUAPAN 18, MCH",EMILIO CARRANZA,6,URUAPAN CENTRO,URUAPAN,60000,19.42121,-102.0645
1032,"URUAPAN 19, MCH",GRAL. LAZARO CARDENAS,1701,LOS ANGELES,URUAPAN,60160,19.40232,-102.0551
1033,"URUAPAN 2, MCH",BENITO JUAREZ,58,SAN FRANCISCO,URUAPAN,60050,19.42615,-102.0515
1034,"URUAPAN 20, MCH",GRAN PARADA,16,LA MAGDALENA,URUAPAN,60080,19.41043,-102.058
1035,"URUAPAN 21, MCH",LIRIO,88,PRIMERO DE MAYO,URUAPAN,60153,19.41027,-102.0386
1036,"URUAPAN 22, MCH",ALEJANDRINA,287,CASA DEL NIÑO PONIENTE,URUAPAN,60094,19.40353,-102.0699
1037,"URUAPAN 23, MCH",GABRIEL CERVERA,36,EJERCITO MEXICANO,URUAPAN,60154,19.41047,-102.0242
1038,"URUAPAN 24, MCH",BENITO JUAREZ,61,URUAPAN CENTRO,URUAPAN,60000,19.41549,-102.0598
1039,"URUAPAN 25, MCH",SAN FRANCISCO,1501,ROSA DE CASTILLA INFONAVIT,URUAPAN,60155,19.3928,-102.0219
1040,"URUAPAN 26, MCH",FERROCARRIL,28,EL COLORIN NORTE,URUAPAN,60120,19.42201,-102.0399
1041,"URUAPAN 27, MCH",CARAPAN URUAPAN,KM 72,LA QUINTA,URUAPAN,60030,19.43425,-102.0757
1042,"URUAPAN 28, MCH",INDUSTRIAL,S/N,CALTZONTZIN,URUAPAN,60220,19.42417,-102.0108
1043,"URUAPAN 29, MCH",DEL NIÑO,126,JICALAN,URUAPAN,60090,19.39196,-102.0698
1044,"URUAPAN 3, MCH",FRANCISCO SARABIA,22,MORELOS,URUAPAN,60050,19.41825,-102.0535
1045,"URUAPAN 30, MCH",JALISCO,206,RAMON FARIAS,URUAPAN,60050,19.42007,-102.0493
1046,"URUAPAN 31, MCH",LAZARO CARDENAS,409-A,REVOLUCION,URUAPAN,60150,19.40812,-102.0488
1047,"URUAPAN 32, MCH",BENITO JUAREZ,104,BELLAVISTA,URUAPAN,60050,19.42731,-102.0575
1048,"URUAPAN 33, MCH",ANILLO DE CIRCUNVALACION,176,PROGRESO,URUAPAN,60090,19.40873,-102.067
1049,"URUAPAN 4, MCH",16 DE SEPTIEMBRE,29,URUAPAN CENTRO,URUAPAN,60000,19.4225,-102.061
1050,"URUAPAN 5, MCH",DEL NIÑO,22,CASA DEL NIÑO ORIENTE,URUAPAN,60090,19.40499,-102.0666
1051,"URUAPAN 6, MCH",UNIVERSO,268,SOL NACIENTE,URUAPAN,60154,19.4054,-102.0259
1052,"URUAPAN 7, MCH",INDEPENDENCIA,9,URUAPAN CENTRO,URUAPAN,60000,19.42219,-102.0644
1053,"URUAPAN 8, MCH",ALVARO OBREGON,92,URUAPAN CENTRO,URUAPAN,60000,19.41864,-102.056
1054,"URUAPAN 9, MCH",PARAGUAY,599,LOS ANGELES,URUAPAN,60170,19.39713,-102.0515
1055,"ZAMORA, MICHO",5 DE MAYO,176,ZAMORA DE HIDALGO CENTRO,ZAMORA,59600,19.98461,-102.2818
1056,"ZINAPECUARO 1, MCH",MIGUEL HIDALGO,42,ZINAPECUARO FIGUEROA CENTRO,ZINAPECUARO,58930,19.86024,-100.8282
1057,"ZINAPECUARO 2, MCH",RAMON LOPEZ LARA,S/N,ZINAPECUARO DE FIGUEROA CENTRO,ZINAPECUARO,58930,19.8601,-100.8299
